file,tag,android:id,android:text,android:hint,android:inputType,android:contentDescription,android:checked,android:enabled,android:maxLength,android:autofillHints
res/layout/abc_alert_dialog_button_bar_material.xml,Button,@android:0102001B,,,,,,,,
res/layout/abc_alert_dialog_button_bar_material.xml,Button,@android:0102001A,,,,,,,,
res/layout/abc_alert_dialog_button_bar_material.xml,Button,@android:01020019,,,,,,,,
res/layout/abc_list_menu_item_checkbox.xml,CheckBox,@7F0A0333,,,,,,,,
res/layout/abc_list_menu_item_radio.xml,RadioButton,@7F0A0D7B,,,,,,,,
res/layout/activity_add_email.xml,com.duolingo.core.design.juicy.ui.JuicyButton,@7F0A0BAE,@7F130040,,,,,,,
res/layout/activity_add_friends_rewards.xml,com.duolingo.core.design.juicy.ui.JuicyButton,@7F0A0CE3,@7F130164,,,,,,,
res/layout/activity_add_phone_number.xml,com.duolingo.core.design.juicy.ui.JuicyButton,@7F0A0BAE,@7F13004F,,,,,,,
res/layout/activity_alphabets_tip.xml,com.duolingo.core.design.juicy.ui.JuicyButton,@7F0A00E8,@7F131113,,,,,,,
res/layout/activity_app_icon_debug.xml,Spinner,@7F0A0125,,,,,,,,
res/layout/activity_app_icon_debug.xml,com.duolingo.core.design.juicy.ui.JuicyButton,@7F0A0F9D,@7F1300F1,,,,,,,
res/layout/activity_app_icon_debug.xml,com.duolingo.core.design.juicy.ui.JuicyButton,@7F0A0E57,@7F1300EF,,,,,,,
res/layout/activity_country_override.xml,com.duolingo.core.design.juicy.ui.JuicyButton,@7F0A0C58,@7F130419,,,,,,,
res/layout/activity_debug.xml,com.duolingo.core.design.juicy.ui.JuicyButton,@7F0A0DF3,@7F13040B,,,,,,,
res/layout/activity_delete_account.xml,com.duolingo.core.design.juicy.ui.JuicyButton,@7F0A03CB,,,,,,false,,
res/layout/activity_delete_account.xml,com.duolingo.core.design.juicy.ui.JuicyButton,@7F0A025E,@7F130032,,,,,,,
res/layout/activity_design_guidelines.xml,com.duolingo.core.design.juicy.ui.JuicyButton,@7F0A101C,@7F130493,,,,,,,
res/layout/activity_design_guidelines.xml,com.duolingo.core.design.juicy.ui.JuicyButton,@7F0A0C4B,@7F130487,,,,,,,
res/layout/activity_design_guidelines.xml,com.duolingo.core.design.juicy.ui.JuicyButton,@7F0A0806,@7F13047E,,,,,,,
res/layout/activity_design_guidelines.xml,com.duolingo.core.design.juicy.ui.JuicyButton,@7F0A12F7,@7F130499,,,,,,,
res/layout/activity_design_guidelines.xml,com.duolingo.core.design.juicy.ui.JuicyButton,@7F0A0A27,@7F130482,,,,,,,
res/layout/activity_design_guidelines.xml,com.duolingo.core.design.juicy.ui.JuicyButton,,@7F130479,,,,,false,,
res/layout/activity_design_guidelines.xml,com.duolingo.core.design.juicy.ui.JuicyButton,@7F0A0D33,@7F130497,,,,,,,
res/layout/activity_design_guidelines.xml,com.duolingo.core.design.juicy.ui.JuicyButton,@7F0A0D2A,@7F130490,,,,,,,
res/layout/activity_disk_analysis.xml,com.duolingo.core.design.juicy.ui.JuicyButton,@7F0A00F1,@7F130363,,,,,,,
res/layout/activity_duo_radio_session.xml,com.duolingo.core.design.juicy.ui.JuicyButton,@7F0A0865,,,,,,,,
res/layout/activity_duo_radio_session.xml,com.duolingo.core.design.juicy.ui.JuicyButton,@7F0A0868,@7F13088F,,,,,,,
res/layout/activity_ema_hook.xml,com.duolingo.core.design.juicy.ui.JuicyButton,@7F0A03F1,,,,,,,,
res/layout/activity_ema_hook.xml,com.duolingo.core.design.juicy.ui.JuicyButton,@7F0A0BC1,@7F130B82,,,,,,,
res/layout/activity_energy_debug.xml,com.duolingo.core.design.juicy.ui.JuicyButton,@7F0A08ED,,,,,false,,,
res/layout/activity_energy_debug.xml,com.duolingo.core.design.juicy.ui.JuicyButton,@7F0A0566,,,,,false,,,
res/layout/activity_energy_debug.xml,com.duolingo.core.design.juicy.ui.JuicyButton,@7F0A0E54,@7F130BFA,,,,false,,,
res/layout/activity_energy_debug.xml,com.duolingo.core.design.juicy.ui.JuicyButton,@7F0A03CC,@7F130256,,,,,,,
res/layout/activity_energy_drip_confirmation.xml,com.duolingo.core.design.juicy.ui.JuicyButton,@7F0A0215,@7F130166,,,,,,,
res/layout/activity_explanation.xml,com.duolingo.core.design.juicy.ui.JuicyButton,@7F0A1091,@7F131113,,,,,,,
res/layout/activity_family_plan_already_super.xml,com.duolingo.core.design.juicy.ui.JuicyButton,@7F0A11B1,@7F130585,,,,,,,
res/layout/activity_family_plan_already_super.xml,com.duolingo.core.design.juicy.ui.JuicyButton,@7F0A05AF,@7F130586,,,,,,,
res/layout/activity_family_plan_confirm.xml,com.duolingo.core.design.juicy.ui.JuicyButton,@7F0A03F1,@7F130583,,,,,,,
res/layout/activity_family_plan_confirm.xml,com.duolingo.core.design.juicy.ui.JuicyButton,@7F0A11B1,@7F130585,,,,,,,
res/layout/activity_family_plan_invalid.xml,com.duolingo.core.design.juicy.ui.JuicyButton,@7F0A03F1,@7F13057A,,,,,,,
res/layout/activity_family_plan_kudos_list.xml,com.duolingo.core.design.juicy.ui.JuicyButton,@7F0A0438,,,,,,,,
res/layout/activity_family_plan_landing.xml,com.duolingo.core.design.juicy.ui.JuicyButton,@7F0A03F1,@7F130577,,,,,,,
res/layout/activity_family_plan_landing.xml,com.duolingo.core.design.juicy.ui.JuicyButton,@7F0A0BC1,@7F130050,,,,,,,
res/layout/activity_feedback_form.xml,com.duolingo.core.design.juicy.ui.JuicyButton,@7F0A091A,@7F13070B,,,,,,,
res/layout/activity_feedback_form.xml,com.duolingo.core.design.juicy.ui.JuicyButton,@7F0A091B,@7F130D7C,,,,,,,
res/layout/activity_follow_wechat_instructions.xml,com.duolingo.core.design.juicy.ui.JuicyButton,@7F0A0401,@7F130620,,,,,,,
res/layout/activity_force_connect_phone.xml,com.duolingo.core.design.juicy.ui.JuicyButton,@7F0A07FB,@7F130082,,,,,,,
res/layout/activity_free_ema_announcement.xml,com.duolingo.core.design.juicy.ui.JuicyButton,@7F0A0B16,@7F130557,,,,,false,,
res/layout/activity_free_ema_announcement.xml,com.duolingo.core.design.juicy.ui.JuicyButton,@7F0A0B17,@7F130557,,,,,false,,
res/layout/activity_free_ema_announcement.xml,com.duolingo.core.design.juicy.ui.JuicyButton,@7F0A0B15,@7F130164,,,,,false,,
res/layout/activity_free_ema_announcement.xml,com.duolingo.core.design.juicy.ui.JuicyButton,@7F0A0436,@7F1309C7,,,,,,,
res/layout/activity_friends_streak_debug.xml,com.duolingo.core.design.juicy.ui.JuicyButton,@7F0A0E55,@7F130383,,,,,,,
res/layout/activity_friends_streak_debug.xml,com.duolingo.core.design.juicy.ui.JuicyButton,@7F0A0E52,@7F130384,,,,,,,
res/layout/activity_friends_streak_debug.xml,com.duolingo.core.design.juicy.ui.JuicyButton,@7F0A0E53,@7F130382,,,,,,,
res/layout/activity_immersive_family_plan_owner_onboarding.xml,com.duolingo.core.design.juicy.ui.JuicyButton,@7F0A0CE3,,,,,,,,
res/layout/activity_immersive_family_plan_owner_onboarding.xml,com.duolingo.core.design.juicy.ui.JuicyButton,@7F0A0F38,,,,,,,,
res/layout/activity_immersive_max.xml,com.duolingo.core.design.juicy.ui.JuicyButton,@7F0A0CE3,@7F1309C6,,,,,,,
res/layout/activity_live_strings_debug.xml,EditText,@7F0A0908,,,0x00000002,,,,,
res/layout/activity_live_strings_debug.xml,EditText,@7F0A0909,,,0x00000002,,,,,
res/layout/activity_live_strings_debug.xml,com.duolingo.core.design.juicy.ui.JuicyButton,@7F0A0224,@7F13040A,,,,,,,
res/layout/activity_live_strings_debug.xml,com.duolingo.core.design.juicy.ui.JuicyButton,@7F0A0220,@7F1303CF,,,,,,,
res/layout/activity_live_strings_debug.xml,EditText,@7F0A0905,,@7F130366,0x00000001,,,,,
res/layout/activity_live_strings_debug.xml,com.duolingo.core.design.juicy.ui.JuicyButton,@7F0A0223,@7F130407,,,,,,,
res/layout/activity_lottie_testing.xml,com.duolingo.core.design.legacy.DryRadioButton,@7F0A0A59,@7F130364,,,,,,,
res/layout/activity_lottie_testing.xml,com.duolingo.core.design.legacy.DryRadioButton,@7F0A0D7A,@7F130365,,,,,,,
res/layout/activity_lottie_testing.xml,Spinner,@7F0A0114,,,,,,,,
res/layout/activity_mega_launch_promo.xml,com.duolingo.core.design.juicy.ui.JuicyButton,@7F0A0CE3,@7F130FDA,,,,,,,
res/layout/activity_mega_launch_promo.xml,com.duolingo.core.design.juicy.ui.JuicyButton,@7F0A0F38,@7F130050,,,,,,,
res/layout/activity_mistakes_practice.xml,com.duolingo.core.design.juicy.ui.JuicyButton,@7F0A1082,@7F1309B6,,,,,,,
res/layout/activity_monthly_challenge_intro.xml,com.duolingo.core.design.juicy.ui.JuicyButton,@7F0A0CE3,@7F130164,,,,,,,
res/layout/activity_notification_opt_in_banner_debug.xml,com.duolingo.core.design.juicy.ui.JuicyButton,@7F0A132C,@7F1303EF,,,,,,,
res/layout/activity_notification_opt_in_banner_debug.xml,com.duolingo.core.design.juicy.ui.JuicyButton,@7F0A0E50,@7F1303ED,,,,,,,
res/layout/activity_onboarding_dogfooding.xml,com.duolingo.core.design.juicy.ui.JuicyButton,@7F0A1094,@7F130BCE,,,,,,,
res/layout/activity_placement_fallback.xml,com.duolingo.core.design.juicy.ui.JuicyButton,@7F0A03F1,@7F130164,,,,,false,,
res/layout/activity_plus.xml,com.duolingo.core.design.juicy.ui.JuicyButton,@7F0A08DE,@7F13089C,,,,,,,
res/layout/activity_plus.xml,com.duolingo.core.design.juicy.ui.JuicyButton,@7F0A0A71,@7F13057E,,,,,,,
res/layout/activity_plus.xml,com.duolingo.core.design.juicy.ui.JuicyButton,@7F0A0F6E,@7F130ED7,,,,,,,
res/layout/activity_plus.xml,com.duolingo.core.design.juicy.ui.JuicyButton,@7F0A0254,@7F130178,,,,,,,
res/layout/activity_plus_cancel_survey.xml,com.duolingo.core.design.juicy.ui.JuicyButton,@7F0A0265,@7F130164,,,,,false,,
res/layout/activity_plus_onboarding_slides.xml,com.duolingo.core.design.juicy.ui.JuicyButton,@7F0A0CE3,,,,,,,,
res/layout/activity_plus_onboarding_slides.xml,com.duolingo.core.design.juicy.ui.JuicyButton,@7F0A0F38,,,,,,,,
res/layout/activity_plus_promo_video.xml,com.duolingo.core.design.juicy.ui.JuicyButton,@7F0A0CAE,@7F1311A6,,,,,,,
res/layout/activity_plus_turn_on_notifications.xml,com.duolingo.core.design.juicy.ui.JuicyButton,@7F0A03F1,@7F131233,,,,,,,
res/layout/activity_plus_turn_on_notifications.xml,com.duolingo.core.design.juicy.ui.JuicyButton,@7F0A0BDA,@7F130B8C,,,,,,,
res/layout/activity_preview_animation_debug.xml,com.duolingo.core.design.juicy.ui.JuicyButton,,,,,,,,,
res/layout/activity_promo_debug.xml,com.duolingo.core.design.juicy.ui.JuicyButton,@7F0A0430,@7F130053,,,,false,,,
res/layout/activity_promo_debug.xml,com.duolingo.core.design.juicy.ui.JuicyButton,@7F0A042E,@7F130053,,,,false,,,
res/layout/activity_promo_debug.xml,com.duolingo.core.design.juicy.ui.JuicyButton,@7F0A042F,@7F130053,,,,false,,,
res/layout/activity_promo_debug.xml,com.duolingo.core.design.juicy.ui.JuicyButton,@7F0A042C,@7F130053,,,,false,,,
res/layout/activity_promo_debug.xml,com.duolingo.core.design.juicy.ui.JuicyButton,@7F0A042D,@7F130053,,,,false,,,
res/layout/activity_reactivated_welcome.xml,com.duolingo.core.design.juicy.ui.JuicyButton,@7F0A0CE3,@7F130FE0,,,,,,,
res/layout/activity_report.xml,com.duolingo.core.design.juicy.ui.JuicyButton,@7F0A0E05,@7F13005F,,,,,,,
res/layout/activity_reset_password.xml,com.duolingo.core.design.juicy.ui.JuicyButton,@7F0A0E50,@7F130DA7,,,,,,,
res/layout/activity_resurrection_debug.xml,com.duolingo.core.design.juicy.ui.JuicyButton,@7F0A0532,@7F13041F,,,,,,,
res/layout/activity_rewards_debug.xml,com.duolingo.core.design.juicy.ui.JuicyButton,@7F0A03D5,@7F130DD1,,,,,,,
res/layout/activity_rewards_debug.xml,com.duolingo.core.design.juicy.ui.JuicyButton,@7F0A03D4,@7F130DD0,,,,,,,
res/layout/activity_rewards_debug.xml,com.duolingo.core.design.juicy.ui.JuicyButton,@7F0A03D2,@7F130DCE,,,,,,,
res/layout/activity_rewards_debug.xml,com.duolingo.core.design.juicy.ui.JuicyButton,@7F0A03D3,@7F130DCF,,,,,,,
res/layout/activity_rewards_debug.xml,com.duolingo.core.design.juicy.ui.JuicyButton,@7F0A03D6,@7F130DD2,,,,,,,
res/layout/activity_schools.xml,com.duolingo.core.design.juicy.ui.JuicyButton,@7F0A1096,@7F13005F,,,,,false,,
res/layout/activity_score_trophy_rive_testing.xml,Spinner,@7F0A0989,,,,,,,,
res/layout/activity_score_trophy_rive_testing.xml,com.duolingo.core.design.juicy.ui.JuicyButton,@7F0A0F9C,@7F13041B,,,,,,,
res/layout/activity_sdui_widget_debug.xml,EditText,@7F0A0950,,@7F130E96,0x000A0001,,,,,
res/layout/activity_sdui_widget_debug.xml,com.duolingo.core.design.juicy.ui.JuicyButton,@7F0A1332,@7F130E98,,,,,,,
res/layout/activity_session_debug_header.xml,com.duolingo.core.design.juicy.ui.JuicyButton,@7F0A1086,@7F130EE6,,,,,,,
res/layout/activity_session_debug_header.xml,Spinner,@7F0A02A4,,,,,,,,
res/layout/activity_session_end_debug.xml,com.duolingo.core.design.juicy.ui.JuicyButton,@7F0A0368,@7F130413,,,,,false,,
res/layout/activity_session_end_debug.xml,com.duolingo.core.design.juicy.ui.JuicyButton,@7F0A1082,@7F130419,,,,,,,
res/layout/activity_session_end_streak_slides_debug.xml,com.duolingo.core.design.juicy.ui.JuicyButton,@7F0A0EC4,@7F130411,,,,,,,
res/layout/activity_session_end_streak_slides_debug.xml,com.duolingo.core.design.juicy.ui.JuicyButton,@7F0A0FE0,@7F13041D,,,,,,,
res/layout/activity_smec_intro.xml,com.duolingo.core.design.juicy.ui.JuicyButton,@7F0A03F1,@7F130164,,,,,false,,
res/layout/activity_stories_debug.xml,com.duolingo.core.design.juicy.ui.JuicyButton,@7F0A1097,@7F130FFD,,,,,,,
res/layout/activity_stories_debug.xml,com.duolingo.core.design.juicy.ui.JuicyButton,@7F0A0369,@7F130FF9,,,,,,,
res/layout/activity_stories_onboarding.xml,com.duolingo.core.design.juicy.ui.JuicyButton,@7F0A1082,@7F1309B6,,,,,,,
res/layout/activity_stories_session.xml,com.duolingo.core.design.juicy.ui.JuicyButton,@7F0A10D7,@7F130164,,,,,,,
res/layout/activity_streak_earnback_progress.xml,com.duolingo.core.design.juicy.ui.JuicyButton,@7F0A0CE3,@7F130164,,,,,,,
res/layout/activity_streak_freeze_gift_debug.xml,com.duolingo.core.design.juicy.ui.JuicyButton,@7F0A0E56,@7F13040C,,,,,,,
res/layout/activity_trigger_notification_debug.xml,Spinner,@7F0A0BE7,,,,,,,,
res/layout/activity_trigger_notification_debug.xml,com.duolingo.core.design.juicy.ui.JuicyButton,@7F0A12FC,@7F131190,,,,,,,
res/layout/activity_trigger_notification_debug.xml,com.duolingo.core.design.juicy.ui.JuicyButton,@7F0A12FB,@7F131192,,,,,,,
res/layout/activity_trigger_notification_debug.xml,CheckBox,@7F0A045D,@7F13117A,,,,false,,,
res/layout/activity_trigger_notification_debug.xml,CheckBox,@7F0A045E,@7F13117C,,,,true,,,
res/layout/activity_trigger_notification_debug.xml,com.duolingo.core.design.juicy.ui.JuicyButton,@7F0A12FA,@7F131191,,,,,,,
res/layout/activity_welcome_registration.xml,com.duolingo.core.design.juicy.ui.JuicyButton,@7F0A03F1,@7F130164,,,,,,,
res/layout/activity_welcome_to_premium_animation.xml,com.duolingo.core.design.juicy.ui.JuicyButton,@7F0A0808,@7F13004F,,,,,,,
res/layout/activity_widget_debug.xml,com.duolingo.core.design.juicy.ui.JuicyButton,@7F0A13B3,@7F13132C,,,,,,,
res/layout/activity_widget_debug.xml,com.duolingo.core.design.juicy.ui.JuicyButton,@7F0A0E51,@7F13132E,,,,,,,
res/layout/activity_widget_debug.xml,Spinner,@7F0A1008,,,,,,,,
res/layout/activity_widget_debug.xml,com.duolingo.core.design.juicy.ui.JuicyButton,@7F0A100B,@7F131331,,,,,,,
res/layout/activity_widget_debug.xml,com.duolingo.core.design.juicy.ui.JuicyButton,@7F0A1009,@7F13132D,,,,,,,
res/layout/activity_widget_debug.xml,com.duolingo.core.design.juicy.ui.JuicyButton,@7F0A100A,@7F13132F,,,,,,,
res/layout/activity_widget_debug.xml,Spinner,@7F0A1329,,,,,,,,
res/layout/activity_widget_debug.xml,Spinner,@7F0A0ABA,,,,,,,,
res/layout/activity_widget_debug.xml,com.duolingo.core.design.juicy.ui.JuicyButton,@7F0A0ABE,,,,,,,,
res/layout/activity_widget_debug.xml,com.duolingo.core.design.juicy.ui.JuicyButton,@7F0A0ABF,,,,,,,,
res/layout/activity_widget_debug.xml,com.duolingo.core.design.juicy.ui.JuicyButton,@7F0A0AC0,,,,,,,,
res/layout/activity_widget_debug.xml,com.duolingo.core.design.juicy.ui.JuicyButton,@7F0A0AC1,,,,,,,,
res/layout/activity_widget_debug.xml,com.duolingo.core.design.juicy.ui.JuicyButton,@7F0A0AC2,@7F13132A,,,,,,,
res/layout/activity_widget_debug.xml,com.duolingo.core.design.juicy.ui.JuicyButton,@7F0A0ABD,@7F131331,,,,,,,
res/layout/activity_widget_debug.xml,com.duolingo.core.design.juicy.ui.JuicyButton,@7F0A0ABB,@7F13132D,,,,,,,
res/layout/activity_widget_debug.xml,com.duolingo.core.design.juicy.ui.JuicyButton,@7F0A0ABC,@7F13132F,,,,,,,
res/layout/activity_widget_debug.xml,com.duolingo.core.design.juicy.ui.JuicyButton,@7F0A0E58,@7F131330,,,,,,,
res/layout/activity_year_in_review_debug.xml,com.duolingo.core.design.juicy.ui.JuicyButton,@7F0A0616,@7F130447,,,,,,,
res/layout/activity_year_in_review_debug.xml,com.duolingo.core.design.juicy.ui.JuicyButton,@7F0A0C21,@7F130452,,,,,,,
res/layout/activity_year_in_review_debug.xml,com.duolingo.core.design.juicy.ui.JuicyButton,@7F0A0C22,@7F130451,,,,,,,
res/layout/activity_year_in_review_debug.xml,com.duolingo.core.design.juicy.ui.JuicyButton,@7F0A0FDF,@7F130458,,,,,,,
res/layout/activity_year_in_review_debug.xml,com.duolingo.core.design.juicy.ui.JuicyButton,@7F0A0FD8,@7F130454,,,,,,,
res/layout/activity_year_in_review_debug.xml,com.duolingo.core.design.juicy.ui.JuicyButton,@7F0A0FD9,@7F130455,,,,,,,
res/layout/activity_year_in_review_debug.xml,com.duolingo.core.design.juicy.ui.JuicyButton,@7F0A0FDB,@7F130456,,,,,,,
res/layout/activity_year_in_review_debug.xml,com.duolingo.core.design.juicy.ui.JuicyButton,@7F0A0FDE,@7F130457,,,,,,,
res/layout/activity_year_in_review_report.xml,com.duolingo.core.design.juicy.ui.JuicyButton,@7F0A0FB4,@7F130F3B,,,,,,,
res/layout/add_friends_flow_invite.xml,com.duolingo.core.design.juicy.ui.JuicyButton,@7F0A1228,@7F130D26,,,,,,,
res/layout/add_friends_flow_invite.xml,com.duolingo.core.design.juicy.ui.JuicyButton,@7F0A0B30,@7F130D24,,,,,,,
res/layout/belvedere_floating_action_menu.xml,com.google.android.material.floatingactionbutton.FloatingActionButton,@7F0A0723,,,,,,,,
res/layout/belvedere_floating_action_menu_item.xml,com.google.android.material.floatingactionbutton.FloatingActionButton,@7F0A06F7,,,,,,,,
res/layout/bottom_sheet_add_phone_number.xml,com.duolingo.core.design.juicy.ui.JuicyButton,@7F0A0CE3,@7F130082,,,,,,,
res/layout/bottom_sheet_add_phone_number.xml,com.duolingo.core.design.juicy.ui.JuicyButton,@7F0A0F38,@7F130B8C,,,,,,,
res/layout/bottom_sheet_alphabet_gate.xml,com.duolingo.core.design.juicy.ui.JuicyButton,@7F0A09BB,@7F1300C3,,,,,,,
res/layout/bottom_sheet_alphabet_gate.xml,com.duolingo.core.design.juicy.ui.JuicyButton,@7F0A0FF7,@7F1300C3,,,,,,,
res/layout/bottom_sheet_characters_transliterations_redirect.xml,com.duolingo.core.design.juicy.ui.JuicyButton,@7F0A0331,@7F1301C0,,,,,,,
res/layout/bottom_sheet_characters_transliterations_redirect.xml,com.duolingo.core.design.juicy.ui.JuicyButton,@7F0A0BC1,@7F130050,,,,,,,
res/layout/bottom_sheet_china_privacy.xml,com.duolingo.core.design.juicy.ui.JuicyButton,@7F0A03F1,@7F1300AC,,,,,,,
res/layout/bottom_sheet_china_purchase_policy.xml,com.duolingo.core.design.juicy.ui.JuicyButton,@7F0A0CE3,@7F1300AC,,,,,,,
res/layout/bottom_sheet_china_purchase_policy.xml,com.duolingo.core.design.juicy.ui.JuicyButton,@7F0A0F38,@7F130042,,,,,,,
res/layout/bottom_sheet_contact_sync.xml,com.duolingo.core.design.juicy.ui.JuicyButton,@7F0A0CE3,@7F131088,,,,,,,
res/layout/bottom_sheet_contact_sync.xml,com.duolingo.core.design.juicy.ui.JuicyButton,@7F0A0F38,@7F130A9B,,,,,,,
res/layout/bottom_sheet_course_remove_confirm.xml,com.duolingo.core.design.juicy.ui.JuicyButton,@7F0A0DEB,@7F130D54,,,,,,,
res/layout/bottom_sheet_course_remove_confirm.xml,com.duolingo.core.design.juicy.ui.JuicyButton,@7F0A025D,@7F130042,,,,,,,
res/layout/bottom_sheet_dynamic_message.xml,com.duolingo.core.design.juicy.ui.JuicyButton,@7F0A08A6,,,,,,,,
res/layout/bottom_sheet_dynamic_message.xml,com.duolingo.core.design.juicy.ui.JuicyButton,@7F0A08A7,,,,,,,,
res/layout/bottom_sheet_enable_social_features.xml,com.duolingo.core.design.juicy.ui.JuicyButton,@7F0A0F70,@7F130ED3,,,,,,,
res/layout/bottom_sheet_enable_social_features.xml,com.duolingo.core.design.juicy.ui.JuicyButton,@7F0A0AB4,@7F130A9B,,,,,,,
res/layout/bottom_sheet_end_friend_streak.xml,com.duolingo.core.design.juicy.ui.JuicyButton,@7F0A0655,@7F130D54,,,,,,,
res/layout/bottom_sheet_end_friend_streak.xml,com.duolingo.core.design.juicy.ui.JuicyButton,@7F0A05AF,@7F130050,,,,,,,
res/layout/bottom_sheet_family_plan_edit_member.xml,com.duolingo.core.design.juicy.ui.JuicyButton,@7F0A03F1,@7F130D56,,,,,,,
res/layout/bottom_sheet_family_plan_edit_member.xml,com.duolingo.core.design.juicy.ui.JuicyButton,@7F0A05AF,@7F130B81,,,,,,,
res/layout/bottom_sheet_family_plan_invite.xml,com.duolingo.core.design.juicy.ui.JuicyButton,@7F0A002B,,,,,,,,
res/layout/bottom_sheet_family_plan_invite.xml,com.duolingo.core.design.juicy.ui.JuicyButton,@7F0A0DE6,,,,,,,,
res/layout/bottom_sheet_family_plan_invite_reminder.xml,com.duolingo.core.design.juicy.ui.JuicyButton,@7F0A002B,@7F130863,,,,,,,
res/layout/bottom_sheet_family_plan_invite_reminder.xml,com.duolingo.core.design.juicy.ui.JuicyButton,@7F0A0DE6,@7F13004E,,,,,,,
res/layout/bottom_sheet_family_plan_leave.xml,com.duolingo.core.design.juicy.ui.JuicyButton,@7F0A03F1,@7F130998,,,,,,,
res/layout/bottom_sheet_family_plan_leave.xml,com.duolingo.core.design.juicy.ui.JuicyButton,@7F0A05AF,,,,,,,,
res/layout/bottom_sheet_family_plan_mid_lesson.xml,com.duolingo.core.design.juicy.ui.JuicyButton,@7F0A03F1,@7F13031A,,,,,,,
res/layout/bottom_sheet_feed_no_friends_reactions.xml,com.duolingo.core.design.juicy.ui.JuicyButton,@7F0A0CE3,@7F130C78,,,,,,,
res/layout/bottom_sheet_feed_no_friends_reactions.xml,com.duolingo.core.design.juicy.ui.JuicyButton,@7F0A0F38,@7F130A9B,,,,,,,
res/layout/bottom_sheet_force_connect_phone.xml,com.duolingo.core.design.juicy.ui.JuicyButton,@7F0A07FB,@7F130F1C,,,,,,,
res/layout/bottom_sheet_force_connect_phone.xml,com.duolingo.core.design.juicy.ui.JuicyButton,@7F0A0BC1,@7F130B8C,,,,,,,
res/layout/bottom_sheet_friends_streak_loss.xml,com.duolingo.core.design.juicy.ui.JuicyButton,@7F0A0F38,@7F130A9B,,,,,,,
res/layout/bottom_sheet_friends_streak_offer.xml,com.duolingo.core.design.juicy.ui.JuicyButton,@7F0A0CE3,@7F1309B6,,,,,,,
res/layout/bottom_sheet_friends_streak_offer.xml,com.duolingo.core.design.juicy.ui.JuicyButton,@7F0A0F38,@7F130B81,,,,,,,
res/layout/bottom_sheet_home_message.xml,com.duolingo.core.design.juicy.ui.JuicyButton,@7F0A08A6,,,,,,,,
res/layout/bottom_sheet_home_message.xml,com.duolingo.core.design.juicy.ui.JuicyButton,@7F0A08A7,,,,,,,,
res/layout/bottom_sheet_immersive_family_plan_owner_offboarding.xml,com.duolingo.core.design.juicy.ui.JuicyButton,@7F0A0CE3,@7F1308A7,,,,,,,
res/layout/bottom_sheet_immersive_family_plan_owner_offboarding.xml,com.duolingo.core.design.juicy.ui.JuicyButton,@7F0A0F38,@7F130B81,,,,,,,
res/layout/bottom_sheet_immersive_family_plan_owner_offboarding_no_secondaries.xml,com.duolingo.core.design.juicy.ui.JuicyButton,@7F0A0215,@7F13070B,,,,,,,
res/layout/bottom_sheet_immersive_family_plan_secondary_offboarding.xml,com.duolingo.core.design.juicy.ui.JuicyButton,@7F0A0CE3,,,,,,,,
res/layout/bottom_sheet_immersive_family_plan_secondary_offboarding.xml,com.duolingo.core.design.juicy.ui.JuicyButton,@7F0A0F38,@7F130B81,,,,,,,
res/layout/bottom_sheet_immersive_plus_promo.xml,com.duolingo.core.design.juicy.ui.JuicyButton,@7F0A109A,,,,,,,,
res/layout/bottom_sheet_immersive_plus_promo.xml,com.duolingo.core.design.juicy.ui.JuicyButton,@7F0A0F38,,,,,,,,
res/layout/bottom_sheet_kanji_drawer.xml,com.duolingo.core.design.juicy.ui.JuicyButton,@7F0A0374,@7F1301FC,,,,,,,
res/layout/bottom_sheet_leaderboards_reactions.xml,com.duolingo.core.design.juicy.ui.JuicyButton,@7F0A05BB,@7F130046,,,,,,,
res/layout/bottom_sheet_leaderboards_reactions.xml,com.duolingo.core.design.juicy.ui.JuicyButton,@7F0A036C,@7F13095C,,,,,,,
res/layout/bottom_sheet_logout.xml,com.duolingo.core.design.juicy.ui.JuicyButton,@7F0A0A5F,@7F1309F7,,,,,,,
res/layout/bottom_sheet_logout.xml,com.duolingo.core.design.juicy.ui.JuicyButton,@7F0A025D,@7F1309F6,,,,,,,
res/layout/bottom_sheet_new_years_offer.xml,com.duolingo.core.design.juicy.ui.JuicyButton,@7F0A03F1,,,,,,,,
res/layout/bottom_sheet_new_years_offer.xml,com.duolingo.core.design.juicy.ui.JuicyButton,@7F0A0BC1,@7F130F82,,,,,,,
res/layout/bottom_sheet_no_hearts_start.xml,com.duolingo.core.design.juicy.ui.JuicyButton,@7F0A0F53,@7F130EA9,,,,,,,
res/layout/bottom_sheet_notification_setting.xml,com.duolingo.core.design.juicy.ui.JuicyButton,@7F0A0CE3,@7F131231,,,,,,,
res/layout/bottom_sheet_notification_setting.xml,com.duolingo.core.design.juicy.ui.JuicyButton,@7F0A0F38,@7F130B8C,,,,,,,
res/layout/bottom_sheet_nudge.xml,com.duolingo.core.design.juicy.ui.JuicyButton,@7F0A05BB,,,,,,,,
res/layout/bottom_sheet_nudge.xml,com.duolingo.core.design.juicy.ui.JuicyButton,@7F0A0BC1,@7F130B81,,,,,,,
res/layout/bottom_sheet_plus_cancellation.xml,com.duolingo.core.design.juicy.ui.JuicyButton,@7F0A0CB0,@7F1305B2,,,,,,,
res/layout/bottom_sheet_plus_cancellation.xml,com.duolingo.core.design.juicy.ui.JuicyButton,@7F0A0CAF,@7F131061,,,,,,,
res/layout/bottom_sheet_plus_reactivation.xml,com.duolingo.core.design.juicy.ui.JuicyButton,@7F0A0CB9,@7F13070B,,,,,,,
res/layout/bottom_sheet_practice_hub_listen_speak.xml,com.duolingo.core.design.juicy.ui.JuicyButton,@7F0A0CD0,@7F13122E,,,,,,,
res/layout/bottom_sheet_practice_hub_listen_speak.xml,com.duolingo.core.design.juicy.ui.JuicyButton,@7F0A0CCE,@7F13016A,,,,,,,
res/layout/bottom_sheet_receive_gift_send_back.xml,com.duolingo.core.design.juicy.ui.JuicyButton,@7F0A0A67,,,,,,,,
res/layout/bottom_sheet_receive_gift_send_back.xml,com.duolingo.core.design.juicy.ui.JuicyButton,@7F0A12F7,,,,,,,,
res/layout/bottom_sheet_reset_password_failed.xml,com.duolingo.core.design.juicy.ui.JuicyButton,@7F0A0F6F,@7F130DAB,,,,,,,
res/layout/bottom_sheet_reset_password_failed.xml,com.duolingo.core.design.juicy.ui.JuicyButton,@7F0A0BC1,@7F130050,,,,,,,
res/layout/bottom_sheet_reset_password_success.xml,com.duolingo.core.design.juicy.ui.JuicyButton,@7F0A0808,@7F130DB0,,,,,,,
res/layout/bottom_sheet_seasonal_app_icon_challenge.xml,com.duolingo.core.design.juicy.ui.JuicyButton,@7F0A0CE3,@7F130FCE,,,,,,,
res/layout/bottom_sheet_send_gift.xml,com.duolingo.core.design.juicy.ui.JuicyButton,@7F0A0BC1,@7F130B81,,,,,,,
res/layout/bottom_sheet_settings_logout.xml,com.duolingo.core.design.juicy.ui.JuicyButton,@7F0A00B2,@7F13006C,,,,,,,
res/layout/bottom_sheet_settings_logout.xml,com.duolingo.core.design.juicy.ui.JuicyButton,@7F0A0FEC,@7F130F67,,,,,,,
res/layout/bottom_sheet_share_to_feed.xml,com.duolingo.core.design.juicy.ui.JuicyButton,@7F0A0FC8,@7F130F45,,,,,,,
res/layout/bottom_sheet_share_to_feed.xml,com.duolingo.core.design.juicy.ui.JuicyButton,@7F0A0BDA,@7F130B8C,,,,,,,
res/layout/bottom_sheet_speech_recognition_permission.xml,com.duolingo.core.design.juicy.ui.JuicyButton,@7F0A105D,@7F13122E,,,,,,,
res/layout/bottom_sheet_speech_recognition_permission.xml,com.duolingo.core.design.juicy.ui.JuicyButton,@7F0A105C,@7F13016A,,,,,,,
res/layout/bottom_sheet_streak_freeze_gift_received_used.xml,com.duolingo.core.design.juicy.ui.JuicyButton,@7F0A0A67,,,,,,,,
res/layout/bottom_sheet_streak_freeze_gift_received_used.xml,com.duolingo.core.design.juicy.ui.JuicyButton,@7F0A12F7,,,,,,,,
res/layout/bottom_sheet_streak_freeze_used.xml,com.duolingo.core.design.juicy.ui.JuicyButton,@7F0A0F38,@7F130050,,,,,,,
res/layout/bottom_sheet_streak_repair_offer.xml,com.duolingo.core.design.juicy.ui.JuicyButton,@7F0A0F38,@7F130050,,,,,,,
res/layout/bottom_sheet_streak_repaired.xml,com.duolingo.core.design.juicy.ui.JuicyButton,@7F0A0CE3,@7F130164,,,,,,,
res/layout/bottom_sheet_super_family_plan_direct_add.xml,com.duolingo.core.design.juicy.ui.JuicyButton,@7F0A03F1,@7F130164,,,,,,,
res/layout/bottom_sheet_switch_ui.xml,com.duolingo.core.design.juicy.ui.JuicyButton,@7F0A030F,,,,,,,,
res/layout/bottom_sheet_switch_ui.xml,com.duolingo.core.design.juicy.ui.JuicyButton,@7F0A025D,@7F1301B5,,,,,,,
res/layout/bottom_sheet_transliteration_change_default.xml,com.duolingo.core.design.juicy.ui.JuicyButton,@7F0A002C,@7F13073D,,,,,,,
res/layout/bottom_sheet_transliteration_change_default.xml,com.duolingo.core.design.juicy.ui.JuicyButton,@7F0A0AB4,@7F13004E,,,,,,,
res/layout/bottom_sheet_transliteration_settings.xml,com.duolingo.core.design.juicy.ui.JuicyButton,@7F0A05BB,@7F130046,,,,,,,
res/layout/bottom_sheet_transliteration_settings.xml,com.duolingo.core.design.juicy.ui.JuicyButton,@7F0A0654,@7F130CE3,,,,,,,
res/layout/bottom_sheet_universal_kudos.xml,com.duolingo.core.design.juicy.ui.JuicyButton,@7F0A0CE3,,,,,,,,
res/layout/bottom_sheet_universal_kudos.xml,com.duolingo.core.design.juicy.ui.JuicyButton,@7F0A0F38,,,,,,,,
res/layout/bottom_sheet_verification_code.xml,com.duolingo.core.design.juicy.ui.JuicyButton,@7F0A0259,@7F13017B,,,,,,,
res/layout/bottom_sheet_verification_code.xml,com.duolingo.core.design.juicy.ui.JuicyButton,@7F0A0E4F,@7F130DA5,,,,,,,
res/layout/bottom_sheet_verification_code.xml,com.duolingo.core.design.juicy.ui.JuicyButton,@7F0A025D,@7F130042,,,,,,,
res/layout/bottom_sheet_video_call_prompt_override.xml,com.duolingo.core.design.juicy.ui.JuicyButton,@7F0A0D4D,@7F1312A2,,,,,,,
res/layout/bottom_sheet_web_share.xml,com.duolingo.core.design.juicy.ui.JuicyButton,@7F0A09A4,@7F13092F,,,,,,,
res/layout/bottom_sheet_widget_explainer.xml,com.duolingo.core.design.juicy.ui.JuicyButton,@7F0A0CE3,@7F130080,,,,,,,
res/layout/bottom_sheet_widget_explainer.xml,com.duolingo.core.design.juicy.ui.JuicyButton,@7F0A0F38,@7F130B81,,,,,,,
res/layout/coach_buttons.xml,com.duolingo.core.design.juicy.ui.JuicyButton,@7F0A0239,@7F130170,,,,,,,
res/layout/coach_buttons.xml,com.duolingo.core.design.juicy.ui.JuicyButton,@7F0A0378,@7F130164,,,,,,,
res/layout/com_facebook_device_auth_dialog_fragment.xml,Button,@7F0A0268,@android:01040000,,,,,,,
res/layout/com_facebook_smart_device_dialog_fragment.xml,Button,@7F0A0268,@android:01040000,,,,,,,
res/layout/custom_dialog.xml,Button,@7F0A0585, Ok ,,,,,,,
res/layout/design_layout_snackbar_include.xml,Button,@7F0A1013,,,,,,,,
res/layout/design_text_input_end_icon.xml,com.google.android.material.internal.CheckableImageButton,@7F0A1232,,,,,,,,
res/layout/design_text_input_start_icon.xml,com.google.android.material.internal.CheckableImageButton,@7F0A1234,,,,,,,,
res/layout/dialog_edit_year_in_review_data.xml,com.duolingo.core.design.juicy.ui.JuicyButton,@7F0A025D,@7F130042,,,,,,,
res/layout/dialog_edit_year_in_review_data.xml,com.duolingo.core.design.juicy.ui.JuicyButton,@7F0A0EC1,@7F13005A,,,,,,,
res/layout/dialog_login_reward_claimed.xml,com.duolingo.core.design.juicy.ui.JuicyButton,@7F0A0DEA,@7F130D51,,,,,,,
res/layout/dialog_login_reward_claimed.xml,com.duolingo.core.design.juicy.ui.JuicyButton,@7F0A0BDA,@7F13016A,,,,,,,
res/layout/dialog_login_reward_claimed.xml,com.duolingo.core.design.juicy.ui.JuicyButton,@7F0A03F1,@7F130164,,,,,,,
res/layout/dialog_path_lesson_override.xml,com.duolingo.core.design.juicy.ui.JuicyButton,@7F0A1095,@7F130F03,,,,,,,
res/layout/dialog_path_lesson_override.xml,com.duolingo.core.design.juicy.ui.JuicyButton,@7F0A1093,@7F130F04,,,,,,,
res/layout/dialog_path_lesson_override.xml,com.duolingo.core.design.juicy.ui.JuicyButton,@7F0A025B,@7F130042,,,,,,,
res/layout/dialog_path_trophy_session_override_type_select.xml,com.duolingo.core.design.juicy.ui.JuicyButton,@7F0A131F,@7F130F05,,,,,,,
res/layout/dialog_path_trophy_session_override_type_select.xml,com.duolingo.core.design.juicy.ui.JuicyButton,@7F0A025B,@7F130042,,,,,,,
res/layout/dialog_year_in_review_gems_reward.xml,com.duolingo.core.design.juicy.ui.JuicyButton,@7F0A0CE3,@7F13137E,,,,,,,
res/layout/duo_radio_collection_header.xml,com.duolingo.core.design.juicy.ui.JuicyButton,@7F0A1082,@7F1101BC,,,,,,,
res/layout/explanations_start_button.xml,com.duolingo.core.design.juicy.ui.JuicyButton,@7F0A069E,@7F131113,,,,,,,
res/layout/family_plan_add_member_item.xml,com.duolingo.core.design.juicy.ui.JuicyButton,@7F0A00B0,,,,,,,,
res/layout/feature_flag_override_option.xml,com.duolingo.core.design.juicy.ui.JuicyButton,@7F0A0A28,@7F130047,,,,,,,
res/layout/feature_flag_override_option.xml,com.duolingo.core.design.juicy.ui.JuicyButton,@7F0A0DEE,@7F130409,,,,,,,
res/layout/fragment_achievement_v4_detail.xml,com.duolingo.core.design.juicy.ui.JuicyButton,@7F0A0059,@7F1301F5,,,,,,,
res/layout/fragment_achievement_v4_reward.xml,com.duolingo.core.design.juicy.ui.JuicyButton,@7F0A0CE3,@7F130164,,,,,,,
res/layout/fragment_add_friend_quest.xml,com.duolingo.core.design.juicy.ui.JuicyButton,@7F0A1258,@7F130CDA,,,,,,,
res/layout/fragment_add_friend_quest.xml,com.duolingo.core.design.juicy.ui.JuicyButton,@7F0A0CE3,@7F130164,,,,,,,
res/layout/fragment_add_friends_action_button.xml,com.duolingo.core.design.juicy.ui.JuicyButton,@7F0A0CE3,@7F1301EB,,,,,,,
res/layout/fragment_add_friends_action_button.xml,com.duolingo.core.design.juicy.ui.JuicyButton,@7F0A0F38,@7F130071,,,,,,,
res/layout/fragment_add_friends_flow_contacts.xml,com.duolingo.core.design.juicy.ui.JuicyButton,@7F0A03F1,@7F130164,,,,,,,
res/layout/fragment_add_friends_flow_contacts.xml,com.duolingo.core.design.juicy.ui.JuicyButton,@7F0A0BDA,@7F130B8C,,,,,,,
res/layout/fragment_add_past_xp.xml,com.duolingo.core.design.juicy.ui.JuicyButton,@7F0A0489,@7F13036C,,,,,,,
res/layout/fragment_admin_submitted_feedback.xml,com.duolingo.core.design.juicy.ui.JuicyButton,@7F0A0652,@7F130046,,,,,,,
res/layout/fragment_admin_submitted_feedback.xml,com.duolingo.core.design.juicy.ui.JuicyButton,@7F0A0653,,,,,,,,
res/layout/fragment_admin_user_feedback_form.xml,com.duolingo.core.design.juicy.ui.JuicyButton,@7F0A0D5E,@7F130CD8,,,,,,,
res/layout/fragment_admin_user_feedback_form.xml,com.duolingo.core.design.juicy.ui.JuicyButton,@7F0A115C,,,,,,false,,
res/layout/fragment_adventures_episode_complete.xml,com.duolingo.core.design.juicy.ui.JuicyButton,@7F0A03F8,@7F130164,,,,,,,
res/layout/fragment_adventures_quit.xml,com.duolingo.core.design.juicy.ui.JuicyButton,@7F0A0D77,@7F130895,,,,,,,
res/layout/fragment_adventures_quit.xml,com.duolingo.core.design.juicy.ui.JuicyButton,@7F0A0D72,@7F130CE3,,,,,,,
res/layout/fragment_animated_xp_boost_reward.xml,com.duolingo.core.design.juicy.ui.JuicyButton,@7F0A0BD2,,,,,,,,
res/layout/fragment_animated_xp_boost_reward.xml,com.duolingo.core.design.juicy.ui.JuicyButton,@7F0A0BD6,@7F130164,,,,,,,
res/layout/fragment_backwards_replacement_dialog.xml,com.duolingo.core.design.juicy.ui.JuicyButton,@7F0A0CE3,,,,,,,,
res/layout/fragment_backwards_replacement_dialog.xml,com.duolingo.core.design.juicy.ui.JuicyButton,@7F0A0F38,@7F130B81,,,,,,,
res/layout/fragment_base_select.xml,com.duolingo.core.design.juicy.ui.JuicyButton,@7F0A059F,@7F130169,,,,,,,
res/layout/fragment_beta_user_feedback_form.xml,com.duolingo.core.design.juicy.ui.JuicyButton,@7F0A115C,@7F13005F,,,,,false,,
res/layout/fragment_bonus_gem_level_end.xml,com.duolingo.core.design.juicy.ui.JuicyButton,@7F0A05BB,@7F1304AB,,,,,,,
res/layout/fragment_boosted_energy_widget_promo_energy_drawer_content.xml,com.duolingo.core.design.juicy.ui.JuicyButton,@7F0A0CE3,,,,,,,,
res/layout/fragment_boosted_energy_widget_promo_energy_drawer_content.xml,com.duolingo.core.design.juicy.ui.JuicyButton,@7F0A0F38,@7F130B8C,,,,,,,
res/layout/fragment_boosted_energy_widget_promo_success.xml,com.duolingo.core.design.juicy.ui.JuicyButton,@7F0A03F1,@7F130164,,,,,,,
res/layout/fragment_challenge_container.xml,com.duolingo.core.design.juicy.ui.JuicyButton,@7F0A06A7,,,,,,,,
res/layout/fragment_claim_gifted_sub.xml,com.duolingo.core.design.juicy.ui.JuicyButton,@7F0A0808,@7F1309CA,,,,,,,
res/layout/fragment_classroom_join_bottom_sheet.xml,com.duolingo.core.design.juicy.ui.JuicyButton,@7F0A108F,@7F130FD9,,,,,,,
res/layout/fragment_classroom_leave_bottom_sheet.xml,com.duolingo.core.design.juicy.ui.JuicyButton,@7F0A09C6,@7F130997,,,,,,,
res/layout/fragment_classroom_leave_bottom_sheet.xml,com.duolingo.core.design.juicy.ui.JuicyButton,@7F0A05BC,@7F1304B3,,,,,,,
res/layout/fragment_comeback_xp_boost_earn_screen.xml,com.duolingo.core.design.juicy.ui.JuicyButton,@7F0A0BD2,@7F130164,,,,,,,
res/layout/fragment_contact_sync.xml,com.duolingo.core.design.juicy.ui.JuicyButton,@7F0A0726,@7F130610,,,,,,,
res/layout/fragment_contact_sync_compose.xml,com.duolingo.core.design.juicy.ui.JuicyButton,@7F0A0CE3,@7F130E9B,,,,,,,
res/layout/fragment_contact_sync_compose.xml,com.duolingo.core.design.juicy.ui.JuicyButton,@7F0A0F38,@7F130071,,,,,,,
res/layout/fragment_contact_sync_profile_completion.xml,com.duolingo.core.design.juicy.ui.JuicyButton,@7F0A0726,@7F130610,,,,,,,
res/layout/fragment_contact_sync_profile_completion.xml,com.duolingo.core.design.juicy.ui.JuicyButton,@7F0A0CE3,@7F130E9B,,,,,,,
res/layout/fragment_contact_sync_profile_completion.xml,com.duolingo.core.design.juicy.ui.JuicyButton,@7F0A0F38,@7F130071,,,,,,,
res/layout/fragment_contacts_permission.xml,com.duolingo.core.design.juicy.ui.JuicyButton,@7F0A0C20,@7F130BE9,,,,,,,
res/layout/fragment_crossgrade_estimate.xml,com.duolingo.core.design.juicy.ui.JuicyButton,@7F0A03F1,@7F130164,,,,,,,
res/layout/fragment_debug_achievements_v4_local_progress.xml,EditText,@7F0A054F,,,0x00000002,,,,,
res/layout/fragment_debug_achievements_v4_local_progress.xml,EditText,@7F0A0500,,,0x00000002,,,,,
res/layout/fragment_debug_achievements_v4_local_progress.xml,EditText,@7F0A055B,,,0x00000002,,,,,
res/layout/fragment_debug_achievements_v4_local_progress.xml,EditText,@7F0A0547,,,0x00000002,,,,,
res/layout/fragment_debug_achievements_v4_local_progress.xml,EditText,@7F0A0545,,,0x00000002,,,,,
res/layout/fragment_debug_achievements_v4_local_progress.xml,EditText,@7F0A0543,,,0x00000002,,,,,
res/layout/fragment_debug_achievements_v4_local_progress.xml,EditText,@7F0A0541,,,0x00000002,,,,,
res/layout/fragment_debug_achievements_v4_local_progress.xml,EditText,@7F0A054B,,,0x00000002,,,,,
res/layout/fragment_debug_achievements_v4_local_progress.xml,EditText,@7F0A0549,,,0x00000002,,,,,
res/layout/fragment_debug_achievements_v4_local_progress.xml,EditText,@7F0A054D,,,0x00000002,,,,,
res/layout/fragment_debug_achievements_v4_local_progress.xml,EditText,@7F0A0512,,,0x00000002,,,,,
res/layout/fragment_debug_achievements_v4_local_progress.xml,EditText,@7F0A050F,,,0x00000002,,,,,
res/layout/fragment_debug_achievements_v4_local_progress.xml,EditText,@7F0A050B,,,0x00000002,,,,,
res/layout/fragment_debug_achievements_v4_local_progress.xml,EditText,@7F0A050A,,,0x00000002,,,,,
res/layout/fragment_debug_achievements_v4_local_progress.xml,EditText,@7F0A050D,,,0x00000002,,,,,
res/layout/fragment_debug_achievements_v4_local_progress.xml,EditText,@7F0A049B,,,0x00000002,,,,,
res/layout/fragment_debug_achievements_v4_local_progress.xml,EditText,@7F0A04E2,,,0x00000002,,,,,
res/layout/fragment_debug_achievements_v4_local_progress.xml,EditText,@7F0A051D,,,0x00000002,,,,,
res/layout/fragment_debug_achievements_v4_local_progress.xml,com.duolingo.core.design.juicy.ui.JuicyButton,@7F0A055F,@7F1303D2,,,,,,,
res/layout/fragment_debug_achievements_v4_local_progress.xml,com.duolingo.core.design.juicy.ui.JuicyButton,@7F0A055E,@7F1303D1,,,,,,,
res/layout/fragment_debug_achievements_v4_local_progress.xml,com.duolingo.core.design.juicy.ui.JuicyButton,@7F0A0522,@7F1303D3,,,,,,,
res/layout/fragment_debug_achievements_v4_local_progress.xml,com.duolingo.core.design.juicy.ui.JuicyButton,@7F0A0495,@7F1303D0,,,,,,,
res/layout/fragment_debug_duo_radio_episode_menu.xml,EditText,@7F0A04EE,@7F1303DB,,0x00000041,,,,,
res/layout/fragment_debug_duo_radio_episode_menu.xml,EditText,@7F0A04EC,@7F1303D9,,0x00000041,,,,,
res/layout/fragment_debug_duo_radio_episode_menu.xml,EditText,@7F0A04EA,@7F1303D6,,0x00080001,,,,,
res/layout/fragment_debug_friends_quest.xml,EditText,@7F0A0C72,,@7F13037A,0x00000002,,,,,
res/layout/fragment_debug_friends_quest.xml,EditText,@7F0A0C70,,@7F130379,0x00000001,,,,,
res/layout/fragment_debug_friends_quest.xml,CheckBox,@7F0A0FD5,@7F13037C,,,,,,,
res/layout/fragment_debug_friends_quest.xml,CheckBox,@7F0A0FD6,@7F13037D,,,,,,,
res/layout/fragment_debug_friends_quest.xml,CheckBox,@7F0A0930,@7F130376,,,,,,,
res/layout/fragment_debug_friends_quest.xml,CheckBox,@7F0A0FD7,@7F13037B,,,,,,,
res/layout/fragment_debug_friends_quest.xml,CheckBox,@7F0A03B0,@7F130375,,,,,,,
res/layout/fragment_debug_home_banner_parameters.xml,EditText,@7F0A052F,,,0x00000002,,,,,
res/layout/fragment_debug_home_banner_parameters.xml,EditText,@7F0A053D,,,0x00000002,,,,,
res/layout/fragment_debug_home_banner_parameters.xml,EditText,@7F0A0488,,,0x00000002,,,,,
res/layout/fragment_debug_home_banner_parameters.xml,EditText,@7F0A052E,,,0x00000002,,,,,
res/layout/fragment_debug_join_leaderboard_contest.xml,Spinner,@7F0A04E0,,,,,,,,
res/layout/fragment_debug_leagues_result.xml,EditText,@7F0A0517,,,0x00000002,,,,,
res/layout/fragment_debug_leagues_result.xml,RadioButton,@7F0A051A,@7F1303C6,,,,,,,
res/layout/fragment_debug_leagues_result.xml,RadioButton,@7F0A051B,@7F1303C7,,,,,,,
res/layout/fragment_debug_leagues_result.xml,RadioButton,@7F0A0519,@7F1303C5,,,,,,,
res/layout/fragment_debug_leagues_result.xml,EditText,@7F0A04F7,,,0x00000002,,,,,
res/layout/fragment_debug_leagues_result.xml,RadioButton,@7F0A0515,@7F1303C9,,,,,,,
res/layout/fragment_debug_leagues_result.xml,RadioButton,@7F0A04FB,@7F1303C2,,,,,,,
res/layout/fragment_debug_monthly_challenge.xml,EditText,@7F0A04F2,,,0x00000001,,,,,
res/layout/fragment_debug_monthly_challenge.xml,CheckBox,@7F0A04A6,@7F1303DC,,,,,,,
res/layout/fragment_debug_monthly_challenge.xml,CheckBox,@7F0A04A7,@7F1303E2,,,,,,,
res/layout/fragment_debug_monthly_challenge.xml,EditText,@7F0A0538,,,0x00000001,,,,,
res/layout/fragment_debug_monthly_challenge.xml,EditText,@7F0A04BC,,,0x00080001,,,,,
res/layout/fragment_debug_monthly_challenge.xml,EditText,@7F0A04BE,,,0x00080001,,,,,
res/layout/fragment_debug_monthly_challenge.xml,EditText,@7F0A0514,,,0x00000002,,,,,
res/layout/fragment_debug_practice_hub_collection_override.xml,EditText,@7F0A09A1,,,0x00000002,,,,,
res/layout/fragment_debug_practice_hub_collection_override.xml,EditText,@7F0A09A3,,,0x00000002,,,,,
res/layout/fragment_debug_practice_hub_collection_override.xml,com.duolingo.core.design.juicy.ui.JuicyButton,@7F0A0554,@7F13042F,,,,,,,
res/layout/fragment_debug_practice_hub_collection_override.xml,com.duolingo.core.design.juicy.ui.JuicyButton,@7F0A0521,@7F13042D,,,,,,,
res/layout/fragment_debug_session_end_leaderboard.xml,EditText,@7F0A04D5,,,0x00000002,,,,,
res/layout/fragment_debug_session_end_leaderboard.xml,EditText,@7F0A04D7,,,0x00000002,,,,,
res/layout/fragment_debug_session_end_leaderboard.xml,CheckBox,@7F0A04BF,@7F1303AD,,,,,,,
res/layout/fragment_debug_session_end_leaderboard.xml,CheckBox,@7F0A04A1,@7F13038A,,,,,,,
res/layout/fragment_debug_session_end_leaderboard.xml,EditText,@7F0A0497,,,0x00000002,,,,,
res/layout/fragment_debug_session_end_leaderboard.xml,EditText,@7F0A0499,,,0x00000002,,,,,
res/layout/fragment_debug_tomorrow_return_probability.xml,EditText,@7F0A053F,,,0x00002002,,,,,
res/layout/fragment_debug_tomorrow_return_probability.xml,com.duolingo.core.design.juicy.ui.JuicyButton,@7F0A0554,@7F13042F,,,,,,,
res/layout/fragment_debug_tomorrow_return_probability.xml,com.duolingo.core.design.juicy.ui.JuicyButton,@7F0A0521,@7F13042D,,,,,,,
res/layout/fragment_delayed_home.xml,com.duolingo.core.design.juicy.ui.JuicyButton,@7F0A0431,@7F130337,,,,,,,
res/layout/fragment_delayed_home.xml,com.duolingo.core.design.juicy.ui.JuicyButton,@7F0A0FEA,@7F13005C,,,,,,,
res/layout/fragment_easier_lesson_nudge_dialog.xml,com.duolingo.core.design.juicy.ui.JuicyButton,@7F0A0CE3,@7F13119A,,,,,,,
res/layout/fragment_easier_lesson_nudge_dialog.xml,com.duolingo.core.design.juicy.ui.JuicyButton,@7F0A0F38,@7F130164,,,,,,,
res/layout/fragment_events_social_collaboration_session_end.xml,com.duolingo.core.design.juicy.ui.JuicyButton,@7F0A0CE3,,,,,,,,
res/layout/fragment_events_social_collaboration_session_end.xml,com.duolingo.core.design.juicy.ui.JuicyButton,@7F0A0F38,,,,,,,,
res/layout/fragment_events_social_partner_selection_session_end.xml,com.duolingo.core.design.juicy.ui.JuicyButton,@7F0A0CE3,@7F13102C,,,,,,,
res/layout/fragment_events_social_partner_selection_session_end.xml,com.duolingo.core.design.juicy.ui.JuicyButton,@7F0A0F38,@7F13103C,,,,,,,
res/layout/fragment_explain_my_answer.xml,com.duolingo.core.design.juicy.ui.JuicyButton,@7F0A0620,@7F13031A,,,,,,,
res/layout/fragment_family_plan_checklist.xml,com.duolingo.core.design.juicy.ui.JuicyButton,@7F0A03F1,,,,,,,,
res/layout/fragment_family_plan_checklist.xml,com.duolingo.core.design.juicy.ui.JuicyButton,@7F0A0BC1,@7F130B81,,,,,,,
res/layout/fragment_family_plan_find_friends_button.xml,com.duolingo.core.design.juicy.ui.JuicyButton,@7F0A03D9,@7F130165,,,,,,,
res/layout/fragment_family_plan_upgrade_nudge_dialog.xml,com.duolingo.core.design.juicy.ui.JuicyButton,@7F0A0CF1,@7F13128F,,,,,,,
res/layout/fragment_family_plan_upgrade_nudge_dialog.xml,com.duolingo.core.design.juicy.ui.JuicyButton,@7F0A0F39,@7F130B81,,,,,,,
res/layout/fragment_feedback_message.xml,com.duolingo.core.design.juicy.ui.JuicyButton,@7F0A0CE3,@7F1304AB,,,,,,,
res/layout/fragment_forever_discount.xml,com.duolingo.core.design.juicy.ui.JuicyButton,@7F0A03F1,,,,,,,,
res/layout/fragment_forgot_password_by_email.xml,com.duolingo.core.design.juicy.ui.JuicyButton,@7F0A1337,@7F131296,,,,,,,
res/layout/fragment_forgot_password_by_email.xml,com.duolingo.core.design.juicy.ui.JuicyButton,@7F0A0F6C,@7F13004F,,,,,,,
res/layout/fragment_forgot_password_by_phone_secondary_button.xml,com.duolingo.core.design.juicy.ui.JuicyButton,@7F0A1335,@7F131292,,,,,,,
res/layout/fragment_found_account.xml,com.duolingo.core.design.juicy.ui.JuicyButton,@7F0A0FED,@7F13005E,,,,,,,
res/layout/fragment_found_account.xml,com.duolingo.core.design.juicy.ui.JuicyButton,@7F0A073B,@7F130049,,,,,,,
res/layout/fragment_found_account.xml,com.duolingo.core.design.juicy.ui.JuicyButton,@7F0A06A3,@7F13056C,,,,,,,
res/layout/fragment_found_account.xml,com.duolingo.core.design.juicy.ui.JuicyButton,@7F0A0806,@7F130706,,,,,,,
res/layout/fragment_found_account.xml,com.duolingo.core.design.juicy.ui.JuicyButton,@7F0A1392,@7F1309F5,,,,,,,
res/layout/fragment_friend_search.xml,com.duolingo.core.design.juicy.ui.JuicyButton,@7F0A0688,,,,,,,,
res/layout/fragment_friends_quest_intro.xml,com.duolingo.core.design.juicy.ui.JuicyButton,@7F0A0CE3,,,,,,,,
res/layout/fragment_friends_quest_intro.xml,com.duolingo.core.design.juicy.ui.JuicyButton,@7F0A0F38,@7F130A9B,,,,,,,
res/layout/fragment_friends_quest_intro_win_streak.xml,com.duolingo.core.design.juicy.ui.JuicyButton,@7F0A0CE3,@7F130EAF,,,,,,,
res/layout/fragment_friends_quest_intro_win_streak.xml,com.duolingo.core.design.juicy.ui.JuicyButton,@7F0A0F38,@7F130A9B,,,,,,,
res/layout/fragment_friends_quest_progress.xml,com.duolingo.core.design.juicy.ui.JuicyButton,@7F0A1258,,,,,,,,
res/layout/fragment_friends_quest_progress.xml,com.duolingo.core.design.juicy.ui.JuicyButton,@7F0A127C,,,,,,,,
res/layout/fragment_friends_quest_progress.xml,com.duolingo.core.design.juicy.ui.JuicyButton,@7F0A0CE3,,,,,,,,
res/layout/fragment_friends_quest_progress.xml,com.duolingo.core.design.juicy.ui.JuicyButton,@7F0A0F38,@7F130A9B,,,,,,,
res/layout/fragment_friends_quest_reward.xml,com.duolingo.core.design.juicy.ui.JuicyButton,@7F0A0CE3,,,,,,,,
res/layout/fragment_friends_quest_reward.xml,com.duolingo.core.design.juicy.ui.JuicyButton,@7F0A0F38,,,,,,,,
res/layout/fragment_friends_streak_partner_selection_final.xml,com.duolingo.core.design.juicy.ui.JuicyButton,@7F0A0F54,@7F130EAB,,,,,,,
res/layout/fragment_intro.xml,com.duolingo.core.design.juicy.ui.JuicyButton,@7F0A05A3,@7F130169,,,,,,,
res/layout/fragment_intro_flow_default.xml,com.duolingo.core.design.juicy.ui.JuicyButton,@7F0A0925,@7F130FD8,,,,,,,
res/layout/fragment_intro_flow_default.xml,com.duolingo.core.design.juicy.ui.JuicyButton,@7F0A0924,@7F130340,,,,,,,
res/layout/fragment_jira_issue_preview.xml,com.duolingo.core.design.juicy.ui.JuicyButton,@7F0A0CE3,,,,,,,,
res/layout/fragment_kudos_users.xml,com.duolingo.core.design.juicy.ui.JuicyButton,@7F0A0438,,,,,,,,
res/layout/fragment_lapsed_user_welcome.xml,com.duolingo.core.design.juicy.ui.JuicyButton,@7F0A0CE3,,,,,,,,
res/layout/fragment_leagues_introduction.xml,com.duolingo.core.design.juicy.ui.JuicyButton,@7F0A0CE3,@7F130164,,,,,,,
res/layout/fragment_leagues_refresh_repair_offer.xml,com.duolingo.core.design.juicy.ui.JuicyButton,@7F0A03F1,@7F130164,,,,,,,
res/layout/fragment_leagues_refresh_repair_offer.xml,com.duolingo.core.design.juicy.ui.JuicyButton,@7F0A0BC1,@7F130B81,,,,,,,
res/layout/fragment_leagues_reward.xml,com.duolingo.core.design.juicy.ui.JuicyButton,@7F0A0CE3,@7F130164,,,,,,,
res/layout/fragment_leagues_signup_wall.xml,com.duolingo.core.design.juicy.ui.JuicyButton,@7F0A0431,@7F130337,,,,,,,
res/layout/fragment_leagues_signup_wall.xml,com.duolingo.core.design.juicy.ui.JuicyButton,@7F0A0FEA,@7F13005C,,,,,,,
res/layout/fragment_learning_summary.xml,com.duolingo.core.design.juicy.ui.JuicyButton,@7F0A0CE3,@7F13098F,,,,,,,
res/layout/fragment_learning_summary.xml,com.duolingo.core.design.juicy.ui.JuicyButton,@7F0A120F,@7F130164,,,,,,,
res/layout/fragment_legendary_attempt_purchase.xml,com.duolingo.core.design.juicy.ui.JuicyButton,@7F0A09EB,@7F130050,,,,,,,
res/layout/fragment_legendary_failure.xml,com.duolingo.core.design.juicy.ui.JuicyButton,@7F0A09E1,@7F13099F,,,,,,,
res/layout/fragment_legendary_failure.xml,com.duolingo.core.design.juicy.ui.JuicyButton,@7F0A09DE,@7F130050,,,,,,,
res/layout/fragment_legendary_intro.xml,com.duolingo.core.design.juicy.ui.JuicyButton,@7F0A1082,@7F130FD3,,,,,,,
res/layout/fragment_legendary_intro.xml,com.duolingo.core.design.juicy.ui.JuicyButton,@7F0A0AB4,@7F13004E,,,,,,,
res/layout/fragment_lesson_end_ad_and_purchase.xml,com.duolingo.core.design.juicy.ui.JuicyButton,@7F0A009E,@7F130056,,,,,,,
res/layout/fragment_lesson_end_ad_and_purchase.xml,com.duolingo.core.design.juicy.ui.JuicyButton,@7F0A0BC1,@7F130050,,,,,,,
res/layout/fragment_listen.xml,com.duolingo.core.design.juicy.ui.JuicyButton,@7F0A059F,@7F130169,,,,,,,
res/layout/fragment_listen_complete.xml,com.duolingo.core.design.juicy.ui.JuicyButton,@7F0A059E,@7F130169,,,,,,,
res/layout/fragment_listen_isolation.xml,com.duolingo.core.design.juicy.ui.JuicyButton,@7F0A059E,@7F130169,,,,,,,
res/layout/fragment_listen_speak.xml,com.duolingo.core.design.juicy.ui.JuicyButton,@7F0A0269,@7F13016D,,,,,,,
res/layout/fragment_manage_family_plan_add_member.xml,com.duolingo.core.design.juicy.ui.JuicyButton,@7F0A0A29,,,,,,,,
res/layout/fragment_manage_family_plan_add_member.xml,com.duolingo.core.design.juicy.ui.JuicyButton,@7F0A13A5,,,,,,,,
res/layout/fragment_manage_family_plan_add_member.xml,com.duolingo.core.design.juicy.ui.JuicyButton,@7F0A121B,,,,,,,,
res/layout/fragment_manage_family_plan_add_member.xml,com.duolingo.core.design.juicy.ui.JuicyButton,@7F0A0FBF,,,,,,,,
res/layout/fragment_manage_family_plan_add_member.xml,com.duolingo.core.design.juicy.ui.JuicyButton,@7F0A0BB3,@7F130F3F,,,,,,,
res/layout/fragment_manage_family_plan_add_member.xml,com.duolingo.core.design.juicy.ui.JuicyButton,@7F0A03F1,@7F130164,,,,,,,
res/layout/fragment_manage_family_plan_add_member.xml,com.duolingo.core.design.juicy.ui.JuicyButton,@7F0A0C86,@7F130EAE,,,,,,,
res/layout/fragment_manage_family_plan_add_members.xml,com.duolingo.core.design.juicy.ui.JuicyButton,@7F0A13A4,@7F130D29,,,,,,,
res/layout/fragment_manage_family_plan_add_members.xml,com.duolingo.core.design.juicy.ui.JuicyButton,@7F0A1010,@7F130D26,,,,,,,
res/layout/fragment_manage_family_plan_add_members.xml,com.duolingo.core.design.juicy.ui.JuicyButton,@7F0A0B30,@7F130D24,,,,,,,
res/layout/fragment_manage_family_plan_view_members.xml,com.duolingo.core.design.juicy.ui.JuicyButton,@7F0A0613,,,,,,,,
res/layout/fragment_manage_family_plan_view_members.xml,com.duolingo.core.design.juicy.ui.JuicyButton,@7F0A09C5,@7F130998,,,,,,,
res/layout/fragment_manage_subscription.xml,com.duolingo.core.design.juicy.ui.JuicyButton,@7F0A0FA6,@7F1301B3,,,,,,,
res/layout/fragment_manage_subscription.xml,com.duolingo.core.design.juicy.ui.JuicyButton,@7F0A0FAE,@7F130F2A,,,,,,,
res/layout/fragment_manage_subscription.xml,com.duolingo.core.design.juicy.ui.JuicyButton,@7F0A0FAF,,,,,,,,
res/layout/fragment_manage_subscription.xml,com.duolingo.core.design.juicy.ui.JuicyButton,@7F0A0B85,@7F130B4D,,,,,,,
res/layout/fragment_match.xml,com.duolingo.core.design.juicy.ui.JuicyButton,@7F0A059E,@7F130169,,,,,,,
res/layout/fragment_match_madness_session_end.xml,com.duolingo.core.design.juicy.ui.JuicyButton,@7F0A0F8E,@7F130164,,,,,,,
res/layout/fragment_multi_user_fork.xml,com.duolingo.core.design.juicy.ui.JuicyButton,@7F0A0B5D,@7F13005C,,,,,,,
res/layout/fragment_multi_user_fork.xml,com.duolingo.core.design.juicy.ui.JuicyButton,@7F0A0B5E,@7F130FD8,,,,,,,
res/layout/fragment_multi_user_login.xml,com.duolingo.core.design.juicy.ui.JuicyButton,@7F0A0B5A,,,,,,,,
res/layout/fragment_new_user_session_start_duo.xml,com.duolingo.core.design.juicy.ui.JuicyButton,@7F0A03F1,@7F1309BF,,,,,false,,
res/layout/fragment_partial_listen.xml,com.duolingo.core.design.juicy.ui.JuicyButton,@7F0A059E,@7F130169,,,,,,,
res/layout/fragment_password_reset_email_sent.xml,com.duolingo.core.design.juicy.ui.JuicyButton,@7F0A0C0A,@7F130053,,,,,,,
res/layout/fragment_path_change_dialog.xml,com.duolingo.core.design.juicy.ui.JuicyButton,@7F0A0CE3,@7F130897,,,,,,,
res/layout/fragment_phone_number.xml,com.duolingo.core.design.juicy.ui.JuicyButton,@7F0A0BAE,@7F13004F,,,,,,,
res/layout/fragment_phone_number.xml,com.duolingo.core.design.juicy.ui.JuicyButton,@7F0A0FF7,@7F13016C,,,,,,,
res/layout/fragment_plus_cancel_notification_reminder.xml,com.duolingo.core.design.juicy.ui.JuicyButton,@7F0A0967,,,,,,,,
res/layout/fragment_plus_cancel_notification_reminder.xml,com.duolingo.core.design.juicy.ui.JuicyButton,@7F0A025D,@7F1305B6,,,,,,,
res/layout/fragment_plus_checklist_scroll.xml,com.duolingo.core.design.juicy.ui.JuicyButton,@7F0A03F1,,,,,,,,
res/layout/fragment_plus_checklist_scroll.xml,com.duolingo.core.design.juicy.ui.JuicyButton,@7F0A0BC1,,,,,,,,
res/layout/fragment_plus_feature_list.xml,com.duolingo.core.design.juicy.ui.JuicyButton,@7F0A06D2,@7F1305B2,,,,,,,
res/layout/fragment_plus_feature_list.xml,com.duolingo.core.design.juicy.ui.JuicyButton,@7F0A06C9,@7F1305B6,,,,,,,
res/layout/fragment_plus_scrolling_carousel.xml,com.duolingo.core.design.juicy.ui.JuicyButton,@7F0A03F1,,,,,,,,
res/layout/fragment_plus_scrolling_carousel.xml,com.duolingo.core.design.juicy.ui.JuicyButton,@7F0A0BC1,,,,,,,,
res/layout/fragment_post_ad_super_promo.xml,com.duolingo.core.design.juicy.ui.JuicyButton,@7F0A0CE3,,,,,,,,
res/layout/fragment_post_ad_super_promo.xml,com.duolingo.core.design.juicy.ui.JuicyButton,@7F0A0BC1,@7F130B81,,,,,,,
res/layout/fragment_premium_purchase.xml,com.duolingo.core.design.juicy.ui.JuicyButton,@7F0A03F1,,,,,,,,
res/layout/fragment_premium_purchase.xml,com.duolingo.core.design.juicy.ui.JuicyButton,@7F0A1370,@7F131105,,,,,,,
res/layout/fragment_premium_purchase.xml,com.duolingo.core.design.juicy.ui.JuicyButton,@7F0A03F7,,,,,,,,
res/layout/fragment_premium_purchase.xml,com.duolingo.core.design.juicy.ui.JuicyButton,@7F0A1371,@7F131105,,,,,,,
res/layout/fragment_prior_proficiency.xml,com.duolingo.core.design.juicy.ui.JuicyButton,@7F0A03F1,@7F13005F,,,,,false,,
res/layout/fragment_profile_completion_contacts_access.xml,com.duolingo.core.design.juicy.ui.JuicyButton,@7F0A03F1,@7F130164,,,,,,,
res/layout/fragment_profile_completion_contacts_access.xml,com.duolingo.core.design.juicy.ui.JuicyButton,@7F0A0AB4,@7F130B8C,,,,,,,
res/layout/fragment_profile_friends.xml,com.duolingo.core.design.juicy.ui.JuicyButton,@7F0A03F1,@7F130046,,,,,,,
res/layout/fragment_profile_friends_invite.xml,com.duolingo.core.design.juicy.ui.JuicyButton,@7F0A1228,@7F130D26,,,,,,,
res/layout/fragment_profile_friends_invite.xml,com.duolingo.core.design.juicy.ui.JuicyButton,@7F0A0B30,@7F130D24,,,,,,,
res/layout/fragment_profile_full_name.xml,com.duolingo.core.design.juicy.ui.JuicyButton,@7F0A03F1,@7F130164,,,,,,,
res/layout/fragment_profile_full_name.xml,com.duolingo.core.design.juicy.ui.JuicyButton,@7F0A0AB4,@7F13004E,,,,,,,
res/layout/fragment_profile_username.xml,com.duolingo.core.design.juicy.ui.JuicyButton,@7F0A03F1,@7F130164,,,,,,,
res/layout/fragment_profile_username.xml,com.duolingo.core.design.juicy.ui.JuicyButton,@7F0A0AB4,@7F13004E,,,,,,,
res/layout/fragment_ramp_up_lesson_equip_timer_boost.xml,com.duolingo.core.design.juicy.ui.JuicyButton,@7F0A0677,@7F130CFD,,,,,,,
res/layout/fragment_ramp_up_lesson_equip_timer_boost.xml,com.duolingo.core.design.juicy.ui.JuicyButton,@7F0A0564,@7F130050,,,,,,,
res/layout/fragment_ramp_up_lightning_intro.xml,com.duolingo.core.design.juicy.ui.JuicyButton,@7F0A0D92,@7F130CED,,,,,,,
res/layout/fragment_ramp_up_lightning_session_end.xml,com.duolingo.core.design.juicy.ui.JuicyButton,@7F0A0F8E,@7F130164,,,,,,,
res/layout/fragment_ramp_up_multi_session_quit_early.xml,com.duolingo.core.design.juicy.ui.JuicyButton,@7F0A0B56,@7F130CF9,,,,,,,
res/layout/fragment_ramp_up_multi_session_quit_early.xml,com.duolingo.core.design.juicy.ui.JuicyButton,@7F0A0B55,@7F130CF8,,,,,,,
res/layout/fragment_ramp_up_multi_session_quit_with_league.xml,com.duolingo.core.design.juicy.ui.JuicyButton,@7F0A0B53,,,,,,,,
res/layout/fragment_ramp_up_multi_session_quit_with_league.xml,com.duolingo.core.design.juicy.ui.JuicyButton,@7F0A0B55,@7F130B81,,,,,,,
res/layout/fragment_ramp_up_multi_session_session_end.xml,com.duolingo.core.design.juicy.ui.JuicyButton,@7F0A0F8E,@7F130164,,,,,,,
res/layout/fragment_ramp_up_timer_boost_purchase.xml,com.duolingo.core.design.juicy.ui.JuicyButton,@7F0A01CE,@7F130CF7,,,,,,,
res/layout/fragment_ramp_up_timer_boost_purchase.xml,com.duolingo.core.design.juicy.ui.JuicyButton,@7F0A01CD,@7F130050,,,,,,,
res/layout/fragment_rating_primer.xml,com.duolingo.core.design.juicy.ui.JuicyButton,@7F0A1405,@7F13137C,,,,,,,
res/layout/fragment_rating_primer.xml,com.duolingo.core.design.juicy.ui.JuicyButton,@7F0A0BDB,@7F130B95,,,,,,,
res/layout/fragment_redeem_promo_code.xml,com.duolingo.core.design.juicy.ui.JuicyButton,@7F0A0DD7,@7F130CB3,,,,,,,
res/layout/fragment_redeem_success.xml,com.duolingo.core.design.juicy.ui.JuicyButton,@7F0A03F1,@7F130164,,,,,,,
res/layout/fragment_referral_interstitial.xml,com.duolingo.core.design.juicy.ui.JuicyButton,@7F0A13A4,@7F130D29,,,,,,,
res/layout/fragment_referral_interstitial.xml,com.duolingo.core.design.juicy.ui.JuicyButton,@7F0A1010,@7F130D26,,,,,,,
res/layout/fragment_referral_interstitial.xml,com.duolingo.core.design.juicy.ui.JuicyButton,@7F0A0B32,@7F130D24,,,,,,,
res/layout/fragment_referral_interstitial.xml,com.duolingo.core.design.juicy.ui.JuicyButton,@7F0A0B31,@7F130D24,,,,,,,
res/layout/fragment_referral_interstitial.xml,com.duolingo.core.design.juicy.ui.JuicyButton,@7F0A0F6D,@7F130D1F,,,,,,,
res/layout/fragment_referral_interstitial.xml,com.duolingo.core.design.juicy.ui.JuicyButton,@7F0A1393,@7F130D27,,,,,,,
res/layout/fragment_referral_interstitial.xml,com.duolingo.core.design.juicy.ui.JuicyButton,@7F0A1394,@7F130D28,,,,,,,
res/layout/fragment_referral_interstitial.xml,com.duolingo.core.design.juicy.ui.JuicyButton,@7F0A0B30,@7F130D24,,,,,,,
res/layout/fragment_referral_interstitial.xml,com.duolingo.core.design.juicy.ui.JuicyButton,@7F0A0FB4,@7F130D25,,,,,,,
res/layout/fragment_referral_interstitial.xml,com.duolingo.core.design.juicy.ui.JuicyButton,@7F0A0BDA,@7F130B8C,,,,,,,
res/layout/fragment_registration_step.xml,com.duolingo.core.design.juicy.ui.JuicyButton,@7F0A0BAE,@7F130164,,,,,,,
res/layout/fragment_registration_step.xml,com.duolingo.core.design.juicy.ui.JuicyButton,@7F0A1012,@7F130EC8,,,,,,,
res/layout/fragment_registration_step.xml,com.duolingo.core.design.juicy.ui.JuicyButton,@7F0A0FF7,@7F130F7E,,,,,,,
res/layout/fragment_registration_step.xml,com.duolingo.core.design.juicy.ui.JuicyButton,@7F0A1392,@7F130D4B,,,,,,,
res/layout/fragment_registration_step.xml,com.duolingo.core.design.juicy.ui.JuicyButton,@7F0A06A3,@7F13056D,,,,,,,
res/layout/fragment_registration_step.xml,com.duolingo.core.design.juicy.ui.JuicyButton,@7F0A0806,@7F130707,,,,,,,
res/layout/fragment_registration_step.xml,com.duolingo.core.design.juicy.ui.JuicyButton,@7F0A135B,@7F13070A,,,,,,,
res/layout/fragment_registration_step.xml,com.duolingo.core.design.juicy.ui.JuicyButton,@7F0A135A,@7F13056F,,,,,,,
res/layout/fragment_registration_step.xml,com.duolingo.core.design.juicy.ui.JuicyButton,@7F0A1359,@7F130513,,,,,,,
res/layout/fragment_report_result_dialog.xml,com.duolingo.core.design.juicy.ui.JuicyButton,@7F0A0CE3,@7F13070B,,,,,,,
res/layout/fragment_resurrected_welcome.xml,com.duolingo.core.design.juicy.ui.JuicyButton,@7F0A0CE3,@7F130164,,,,,,,
res/layout/fragment_rocks_store_example.xml,com.duolingo.core.design.juicy.ui.JuicyButton,@7F0A132F,@7F130DD6,,,,,,,
res/layout/fragment_roleplay_chat_session_quit_bottom_sheet.xml,com.duolingo.core.design.juicy.ui.JuicyButton,@7F0A0E9B,@7F130164,,,,,,,
res/layout/fragment_roleplay_chat_session_quit_bottom_sheet.xml,com.duolingo.core.design.juicy.ui.JuicyButton,@7F0A0E9C,@7F130CE3,,,,,,,
res/layout/fragment_roleplay_session_end.xml,com.duolingo.core.design.juicy.ui.JuicyButton,@7F0A03F1,@7F130164,,,,,,,
res/layout/fragment_roleplay_session_intro.xml,com.duolingo.core.design.juicy.ui.JuicyButton,@7F0A03F1,@7F130164,,,,,,,
res/layout/fragment_roleplay_session_report.xml,com.duolingo.core.design.juicy.ui.JuicyButton,@7F0A0E9D,@7F130164,,,,,,,
res/layout/fragment_rotating_subscription_promo.xml,com.duolingo.core.design.juicy.ui.JuicyButton,@7F0A0CE3,,,,,,,,
res/layout/fragment_rotating_subscription_promo.xml,com.duolingo.core.design.juicy.ui.JuicyButton,@7F0A0F38,@7F130B81,,,,,,,
res/layout/fragment_row_blaster_offer.xml,com.duolingo.core.design.juicy.ui.JuicyButton,@7F0A0EB2,@7F130B81,,,,,,,
res/layout/fragment_same_different.xml,com.duolingo.core.design.juicy.ui.JuicyButton,@7F0A059E,@7F130169,,,,,,,
res/layout/fragment_search_contacts_prompt.xml,com.duolingo.core.design.juicy.ui.JuicyButton,@7F0A0CE3,@7F130E9B,,,,,,,
res/layout/fragment_search_contacts_prompt.xml,com.duolingo.core.design.juicy.ui.JuicyButton,@7F0A0F38,@7F130EAD,,,,,,,
res/layout/fragment_select_feedback_feature.xml,com.duolingo.core.design.juicy.ui.JuicyButton,@7F0A0BA9,@7F130335,,,,,,,
res/layout/fragment_session_complete.xml,com.duolingo.core.design.juicy.ui.JuicyButton,@7F0A101F,,,,,,,,
res/layout/fragment_session_complete.xml,com.duolingo.core.design.juicy.ui.JuicyButton,@7F0A03F8,,,,,,,,
res/layout/fragment_session_daily_quest_reward.xml,com.duolingo.core.design.juicy.ui.JuicyButton,@7F0A0BD3,@7F130164,,,,,,,
res/layout/fragment_session_daily_quest_reward.xml,com.duolingo.core.design.juicy.ui.JuicyButton,@7F0A0BD4,@7F130164,,,,,,,
res/layout/fragment_session_end_buttons.xml,com.duolingo.core.design.juicy.ui.JuicyButton,@7F0A0F38,@7F130050,,,,,,,
res/layout/fragment_session_quit_dialog.xml,com.duolingo.core.design.juicy.ui.JuicyButton,@7F0A0CE3,@7F13088F,,,,,,,
res/layout/fragment_session_quit_dialog.xml,com.duolingo.core.design.juicy.ui.JuicyButton,@7F0A0F38,@7F130CE3,,,,,,,
res/layout/fragment_session_quit_dialog_landscape.xml,com.duolingo.core.design.juicy.ui.JuicyButton,@7F0A0F38,@7F130CE3,,,,,,,
res/layout/fragment_session_quit_dialog_landscape.xml,com.duolingo.core.design.juicy.ui.JuicyButton,@7F0A0CE3,@7F13088F,,,,,,,
res/layout/fragment_signin_credentials.xml,com.duolingo.core.design.juicy.ui.JuicyButton,@7F0A0FED,@7F13005E,,,,,,,
res/layout/fragment_signin_credentials.xml,com.duolingo.core.design.juicy.ui.JuicyButton,@7F0A073A,@7F130049,,,,,,,
res/layout/fragment_signin_credentials.xml,com.duolingo.core.design.juicy.ui.JuicyButton,@7F0A06A3,@7F13056D,,,,,,,
res/layout/fragment_signin_credentials.xml,com.duolingo.core.design.juicy.ui.JuicyButton,@7F0A0806,@7F130707,,,,,,,
res/layout/fragment_signin_phone_number.xml,com.duolingo.core.design.juicy.ui.JuicyButton,@7F0A0FED,@7F13005E,,,,,,,
res/layout/fragment_signin_phone_number.xml,com.duolingo.core.design.juicy.ui.JuicyButton,@7F0A073A,@7F130049,,,,,,,
res/layout/fragment_signin_phone_number.xml,com.duolingo.core.design.juicy.ui.JuicyButton,@7F0A1392,@7F1309F5,,,,,,,
res/layout/fragment_signin_phone_number.xml,com.duolingo.core.design.juicy.ui.JuicyButton,@7F0A0629,@7F130F62,,,,,,,
res/layout/fragment_signin_phone_number.xml,com.duolingo.core.design.juicy.ui.JuicyButton,@7F0A06A3,@7F13056D,,,,,,,
res/layout/fragment_signin_phone_number.xml,com.duolingo.core.design.juicy.ui.JuicyButton,@7F0A0806,@7F130707,,,,,,,
res/layout/fragment_signup_contacts.xml,com.duolingo.core.design.juicy.ui.JuicyButton,@7F0A03F1,@7F130165,,,,,,,
res/layout/fragment_signup_contacts.xml,com.duolingo.core.design.juicy.ui.JuicyButton,@7F0A0BDA,@7F130A9B,,,,,,,
res/layout/fragment_signup_wall.xml,com.duolingo.core.design.juicy.ui.JuicyButton,@7F0A0431,@7F130337,,,,,,,
res/layout/fragment_signup_wall.xml,com.duolingo.core.design.juicy.ui.JuicyButton,@7F0A09A4,@7F13092F,,,,,,,
res/layout/fragment_smart_tip.xml,com.duolingo.core.design.juicy.ui.JuicyButton,@7F0A115E,@7F13016E,,,,,false,,
res/layout/fragment_smart_tip.xml,com.duolingo.core.design.juicy.ui.JuicyButton,@7F0A03F3,@7F130164,,,,,,,
res/layout/fragment_smart_tip.xml,com.duolingo.core.design.juicy.ui.JuicyButton,@7F0A03F5,@7F130166,,,,,,,
res/layout/fragment_social_login_confirm.xml,com.duolingo.core.design.juicy.ui.JuicyButton,@7F0A0431,@7F130336,,,,,,,
res/layout/fragment_social_login_confirm.xml,com.duolingo.core.design.juicy.ui.JuicyButton,@7F0A025D,@7F1306D7,,,,,,,
res/layout/fragment_stories_lesson.xml,com.duolingo.core.design.juicy.ui.JuicyButton,@7F0A10E7,@7F13016C,,,,,,,
res/layout/fragment_stories_lesson.xml,com.duolingo.core.design.juicy.ui.JuicyButton,@7F0A10D8,@7F13016E,,,,,,,
res/layout/fragment_stories_lesson.xml,com.duolingo.core.design.juicy.ui.JuicyButton,@7F0A10DC,@7F130164,,,,,,,
res/layout/fragment_stories_lesson.xml,com.duolingo.core.design.juicy.ui.JuicyButton,@7F0A10E6,@7F130166,,,,,,,
res/layout/fragment_stories_lesson.xml,com.duolingo.core.design.juicy.ui.JuicyButton,@7F0A10E9,@7F13050A,,,,,,,
res/layout/fragment_stories_lesson.xml,com.duolingo.core.design.juicy.ui.JuicyButton,@7F0A10DF,@7F13031A,,,,,,,
res/layout/fragment_stories_lesson_quit_freeform_dialog.xml,com.duolingo.core.design.juicy.ui.JuicyButton,@7F0A0CE3,@7F130320,,,,,,,
res/layout/fragment_stories_lesson_quit_freeform_dialog.xml,com.duolingo.core.design.juicy.ui.JuicyButton,@7F0A0F38,@7F130F80,,,,,,,
res/layout/fragment_streak_freeze_gift_offer.xml,com.duolingo.core.design.juicy.ui.JuicyButton,@7F0A0F72,@7F130ED8,,,,,false,,
res/layout/fragment_streak_freeze_gift_offer.xml,com.duolingo.core.design.juicy.ui.JuicyButton,@7F0A0F38,,,,,,,,
res/layout/fragment_streak_repair_widget_install_dialog.xml,com.duolingo.core.design.juicy.ui.JuicyButton,@7F0A0CE3,@7F130093,,,,,,,
res/layout/fragment_streak_repair_widget_success_dialog.xml,com.duolingo.core.design.juicy.ui.JuicyButton,@7F0A0CE3,@7F130560,,,,,,,
res/layout/fragment_streak_repair_widget_success_dialog.xml,com.duolingo.core.design.juicy.ui.JuicyButton,@7F0A0F38,@7F13004E,,,,,,,
res/layout/fragment_subscription.xml,com.duolingo.core.design.juicy.ui.JuicyButton,@7F0A063C,@7F130652,,,,,,,
res/layout/fragment_super_d12_reminder.xml,com.duolingo.core.design.juicy.ui.JuicyButton,@7F0A03F1,,,,,,,,
res/layout/fragment_super_d12_reminder.xml,com.duolingo.core.design.juicy.ui.JuicyButton,@7F0A0BC1,@7F130050,,,,,,,
res/layout/fragment_timed_session_quit_early.xml,com.duolingo.core.design.juicy.ui.JuicyButton,@7F0A0D9E,@7F130CF9,,,,,,,
res/layout/fragment_timed_session_quit_early.xml,com.duolingo.core.design.juicy.ui.JuicyButton,@7F0A0D9D,@7F130CF8,,,,,,,
res/layout/fragment_tournament_reaction_unlock.xml,com.duolingo.core.design.juicy.ui.JuicyButton,@7F0A0CE3,@7F130164,,,,,,,
res/layout/fragment_tournament_refresh_summary.xml,com.duolingo.core.design.juicy.ui.JuicyButton,@7F0A0CE3,,,,,,,,
res/layout/fragment_tournament_refresh_summary.xml,com.duolingo.core.design.juicy.ui.JuicyButton,@7F0A0F38,@7F130164,,,,,,,
res/layout/fragment_tournament_teaser.xml,com.duolingo.core.design.juicy.ui.JuicyButton,@7F0A0CE3,@7F1309C9,,,,,,,
res/layout/fragment_verification_code.xml,com.duolingo.core.design.juicy.ui.JuicyButton,@7F0A0BAE,@7F13004F,,,,,,,
res/layout/fragment_verification_code_secondary_button.xml,com.duolingo.core.design.juicy.ui.JuicyButton,@7F0A0F38,,,,,,,,
res/layout/fragment_video_call_purchase_promo.xml,com.duolingo.core.design.juicy.ui.JuicyButton,@7F0A0CEB,,,,,,,,
res/layout/fragment_video_call_purchase_promo.xml,com.duolingo.core.design.juicy.ui.JuicyButton,@7F0A0BC1,@7F130B81,,,,,,,
res/layout/fragment_video_call_session_end.xml,com.duolingo.core.design.juicy.ui.JuicyButton,@7F0A03F1,@7F130164,,,,,,,
res/layout/fragment_video_call_session_end_lily_calling_promo.xml,com.duolingo.core.design.juicy.ui.JuicyButton,@7F0A0255,,,,,,,,
res/layout/fragment_video_call_session_quit_bottom_sheet.xml,com.duolingo.core.design.juicy.ui.JuicyButton,@7F0A1368,@7F130895,,,,,,,
res/layout/fragment_video_call_session_quit_bottom_sheet.xml,com.duolingo.core.design.juicy.ui.JuicyButton,@7F0A1369,@7F130CE3,,,,,,,
res/layout/fragment_video_call_transcript.xml,com.duolingo.core.design.juicy.ui.JuicyButton,@7F0A12CD,@7F130164,,,,,,,
res/layout/fragment_widget_value_promo_session_end.xml,com.duolingo.core.design.juicy.ui.JuicyButton,@7F0A0BD0,@7F130080,,,,,,,
res/layout/fragment_widget_value_promo_session_end.xml,com.duolingo.core.design.juicy.ui.JuicyButton,@7F0A0BD5,@7F130A9B,,,,,,,
res/layout/fragment_widget_value_promo_session_end.xml,com.duolingo.core.design.juicy.ui.JuicyButton,@7F0A0BD2,@7F130164,,,,,,,
res/layout/fragment_xiaomi_widget_install_explainer.xml,com.duolingo.core.design.juicy.ui.JuicyButton,@7F0A0CE3,@7F130164,,,,,,,
res/layout/fragment_xiaomi_widget_install_explainer.xml,com.duolingo.core.design.juicy.ui.JuicyButton,@7F0A0F38,@7F130B8C,,,,,,,
res/layout/fragment_xp_boost_equipped_bottom_sheet.xml,com.duolingo.core.design.juicy.ui.JuicyButton,@7F0A03F1,@7F130164,,,,,,,
res/layout/fragment_xp_boost_refill_offer.xml,com.duolingo.core.design.juicy.ui.JuicyButton,@7F0A0BC1,@7F130B81,,,,,,,
res/layout/fragment_xp_boost_refill_offer_landscape.xml,com.duolingo.core.design.juicy.ui.JuicyButton,@7F0A0BC1,@7F130B81,,,,,,,
res/layout/fragment_year_in_review_archetype.xml,com.duolingo.core.design.juicy.ui.JuicyButton,@7F0A0994,@7F130F3C,,,,,,,
res/layout/fragment_year_in_review_share_card.xml,com.duolingo.core.design.juicy.ui.JuicyButton,@7F0A0FB4,@7F130F3C,,,,,,,
res/layout/fragment_year_in_review_welcome.xml,com.duolingo.core.design.juicy.ui.JuicyButton,@7F0A0C1F,@7F130EAC,,,,,,,
res/layout/fragment_year_in_review_welcome.xml,com.duolingo.core.design.juicy.ui.JuicyButton,@7F0A0BC1,@7F131377,,,,,,,
res/layout/home_content.xml,com.duolingo.core.design.juicy.ui.JuicyButton,@7F0A0E5B,@7F130059,,,,,,,
res/layout/ime_secondary_split_test_activity.xml,EditText,@7F0A0618,EditText,,0x00000001,,,,,
res/layout/ime_secondary_split_test_activity.xml,Button,@7F0A088B,Hide Ime,,,,,,,
res/layout/item_score_trophy_rive_testing_number_input.xml,com.duolingo.core.design.juicy.ui.JuicyButton,@7F0A0B08,@7F13040E,,,,,,,
res/layout/item_score_trophy_rive_testing_number_input.xml,com.duolingo.core.design.juicy.ui.JuicyButton,@7F0A0CAC,@7F13040F,,,,,,,
res/layout/item_score_trophy_rive_testing_trigger_input.xml,com.duolingo.core.design.juicy.ui.JuicyButton,@7F0A090A,@7F130410,,,,,,,
res/layout/layout_mid_lesson_no_hearts.xml,com.duolingo.core.design.juicy.ui.JuicyButton,@7F0A0877,,,,,,,,
res/layout/material_clock_period_toggle.xml,com.google.android.material.button.MaterialButton,@7F0A0A8F,@7F130A7F,,,,,,,
res/layout/material_clock_period_toggle.xml,com.google.android.material.button.MaterialButton,@7F0A0A90,@7F130A83,,,,,,,
res/layout/material_time_input.xml,EditText,@7F0A0A9A,,,,,,,,
res/layout/material_timepicker_dialog.xml,com.google.android.material.button.MaterialButton,@7F0A0A9B,,,,,,,,
res/layout/material_timepicker_dialog.xml,Button,@7F0A0A98,@android:01040000,,,,,,,
res/layout/material_timepicker_dialog.xml,Button,@7F0A0A9C,@android:0104000A,,,,,,,
res/layout/messenger_button_send_blue_round.xml,Button,@7F0A0AED,,,,,,,,
res/layout/messenger_button_send_white_round.xml,Button,@7F0A0AED,,,,,,,,
res/layout/mistakes_collection_header.xml,com.duolingo.core.design.juicy.ui.JuicyButton,@7F0A1082,@7F110254,,,,,,,
res/layout/mtrl_alert_dialog_actions.xml,Button,@android:0102001B,,,,,,,,
res/layout/mtrl_alert_dialog_actions.xml,Button,@android:0102001A,,,,,,,,
res/layout/mtrl_alert_dialog_actions.xml,Button,@android:01020019,,,,,,,,
res/layout/mtrl_calendar_month_navigation.xml,com.google.android.material.button.MaterialButton,@7F0A0B25,,,,,,,,
res/layout/mtrl_calendar_month_navigation.xml,com.google.android.material.button.MaterialButton,@7F0A0B27,,,,@7F130AED,,,,
res/layout/mtrl_calendar_month_navigation.xml,com.google.android.material.button.MaterialButton,@7F0A0B26,,,,@7F130AEC,,,,
res/layout/mtrl_layout_snackbar_include.xml,Button,@7F0A1013,,,,,,,,
res/layout/mtrl_picker_actions.xml,Button,@7F0A0268,@7F130AEF,,,,,,,
res/layout/mtrl_picker_actions.xml,Button,@7F0A03CE,@7F130AF0,,,,,,,
res/layout/mtrl_picker_header_fullscreen.xml,com.google.android.material.button.MaterialButton,@7F0A0268,,,,@7F130AEF,,,,
res/layout/mtrl_picker_header_fullscreen.xml,com.google.android.material.button.MaterialButton,@7F0A03CE,@7F130B00,,,@7F130B00,,,,
res/layout/mtrl_picker_header_toggle.xml,com.google.android.material.internal.CheckableImageButton,@7F0A0B4B,,,,,,,,
res/layout/mtrl_picker_text_input_date.xml,com.google.android.material.textfield.TextInputEditText,,,@7F130B01,0x00000014,,,,,
res/layout/mtrl_picker_text_input_date_range.xml,com.google.android.material.textfield.TextInputEditText,,,@7F130B03,0x00000014,,,,,
res/layout/mtrl_picker_text_input_date_range.xml,com.google.android.material.textfield.TextInputEditText,,,@7F130B02,0x00000014,,,,,
res/layout/notification_media_action.xml,ImageButton,@7F0A0069,,,,,,,,
res/layout/notification_media_cancel_action.xml,ImageButton,@7F0A0267,,,,,,,,
res/layout/preference_password_change.xml,com.duolingo.core.design.juicy.ui.JuicyButton,@7F0A0EC1,@7F13005A,,,,,,,
res/layout/report_list_item_multiple_choice.xml,EditText,@7F0A0612,,,,,,,,
res/layout/sentry_dialog_user_feedback.xml,EditText,@7F0A0F7E,,Your Name,0x00000061,,,,,
res/layout/sentry_dialog_user_feedback.xml,EditText,@7F0A0F7D,,your.email@example.org,0x00000021,,,,,
res/layout/sentry_dialog_user_feedback.xml,EditText,@7F0A0F7C,,What's the bug? What did you expect?,0x00020001,,,,,
res/layout/sentry_dialog_user_feedback.xml,Button,@7F0A0F7B,Send Bug Report,,,,,,,
res/layout/sentry_dialog_user_feedback.xml,Button,@7F0A0F7A,Cancel,,,,,,,
res/layout/stories_collection_header.xml,com.duolingo.core.design.juicy.ui.JuicyButton,@7F0A1082,@7F1101BC,,,,,,,
res/layout/tab_redesign_view_add_friend_quest_card.xml,com.duolingo.core.design.juicy.ui.JuicyButton,@7F0A06FF,@7F1305EE,,,,,,,
res/layout/tab_redesign_view_friends_quest_card.xml,com.duolingo.core.design.juicy.ui.JuicyButton,@7F0A0732,,,,,,,,
res/layout/tab_redesign_view_friends_quest_card.xml,com.duolingo.core.design.juicy.ui.JuicyButton,@7F0A0BED,@7F130BA7,,,,,,,
res/layout/tab_redesign_view_friends_quest_card.xml,com.duolingo.core.design.juicy.ui.JuicyButton,@7F0A07EB,@7F1306D0,,,,,,,
res/layout/tab_redesign_view_friends_quest_card.xml,com.duolingo.core.design.juicy.ui.JuicyButton,@7F0A096C,,,,,,,,
res/layout/test_design_checkbox.xml,CheckBox,@7F0A1210,,,,,,,,
res/layout/test_design_checkbox.xml,CheckBox,@7F0A1211,,,,,,,,
res/layout/test_design_radiobutton.xml,RadioButton,@7F0A1212,,,,,,,,
res/layout/test_design_radiobutton.xml,RadioButton,@7F0A1213,,,,,,,,
res/layout/view_action_bar.xml,com.duolingo.core.design.juicy.ui.JuicyButton,@7F0A0ACD,,,,,,,,
res/layout/view_add_friend_quest_card.xml,com.duolingo.core.design.juicy.ui.JuicyButton,@7F0A06FF,@7F1305EE,,,,,,,
res/layout/view_adventures_goal_sheet.xml,com.duolingo.core.design.juicy.ui.JuicyButton,@7F0A07FD,@7F1309C7,,,,,,,
res/layout/view_alphabets_chart.xml,com.duolingo.core.design.juicy.ui.JuicyButton,@7F0A00E7,@7F131114,,,,,,,
res/layout/view_alphabets_chart.xml,com.duolingo.core.design.juicy.ui.JuicyButton,@7F0A00E3,@7F1300D2,,,,,,,
res/layout/view_cant_speak_now.xml,com.duolingo.core.design.juicy.ui.JuicyButton,@7F0A026A,@7F13016D,,,,,,,
res/layout/view_challenge_buttons.xml,com.duolingo.core.design.juicy.ui.JuicyButton,@7F0A115E,@7F13016E,,,,,false,,
res/layout/view_currency_drawer.xml,com.duolingo.core.design.juicy.ui.JuicyButton,@7F0A07FC,@7F13004B,,,,,,,
res/layout/view_currency_toolbar_item.xml,com.duolingo.core.design.juicy.ui.JuicyButton,@7F0A093B,,,,,,,,
res/layout/view_debug_character_showing_banner.xml,com.duolingo.core.design.juicy.ui.JuicyButton,@7F0A1305,@7F13036A,,,,,,,
res/layout/view_deletable_item.xml,androidx.appcompat.widget.AppCompatImageButton,@7F0A056C,,,,,,,,
res/layout/view_ema_explanation_card.xml,com.duolingo.core.design.legacy.DryCheckBox,@7F0A0B86,,,,,,,,
res/layout/view_ema_explanation_card.xml,com.duolingo.core.design.legacy.DryCheckBox,@7F0A0CC6,,,,,,,,
res/layout/view_empty_self_subscriptions.xml,com.duolingo.core.design.juicy.ui.JuicyButton,@7F0A00BB,@7F130C78,,,,,,,
res/layout/view_family_plan_add_local.xml,com.duolingo.core.design.juicy.ui.JuicyButton,@7F0A00B0,,,,,,,,
res/layout/view_feed_item_add_friends.xml,com.duolingo.core.design.juicy.ui.JuicyButton,@7F0A0215,,,,,,,,
res/layout/view_feed_item_feature_card.xml,com.duolingo.core.design.juicy.ui.JuicyButton,@7F0A0215,,,,,,,,
res/layout/view_feed_item_news_post.xml,com.duolingo.core.design.juicy.ui.JuicyButton,@7F0A0215,,,,,,,,
res/layout/view_feed_item_news_post_redesigned.xml,com.duolingo.core.design.juicy.ui.JuicyButton,@7F0A0215,,,,,,,,
res/layout/view_feed_item_year_in_review.xml,com.duolingo.core.design.juicy.ui.JuicyButton,@7F0A0215,,,,,,,,
res/layout/view_flag_toolbar_item.xml,com.duolingo.core.design.juicy.ui.JuicyButton,@7F0A093B,,,,,,,,
res/layout/view_friends_quest_card.xml,com.duolingo.core.design.juicy.ui.JuicyButton,@7F0A0732,,,,,,,,
res/layout/view_friends_quest_card.xml,com.duolingo.core.design.juicy.ui.JuicyButton,@7F0A0BED,@7F130BA7,,,,,,,
res/layout/view_friends_quest_card.xml,com.duolingo.core.design.juicy.ui.JuicyButton,@7F0A07EB,@7F1306D0,,,,,,,
res/layout/view_friends_quest_card.xml,com.duolingo.core.design.juicy.ui.JuicyButton,@7F0A096C,,,,,,,,
res/layout/view_friends_quest_empty_card.xml,com.duolingo.core.design.juicy.ui.JuicyButton,@7F0A00B8,@7F130C78,,,,,,,
res/layout/view_friends_streak_grid_item_content.xml,com.duolingo.streak.friendsStreak.FriendsStreakInviteButton,@7F0A092C,,,,,,,,
res/layout/view_friends_streak_list_item_content.xml,com.duolingo.streak.friendsStreak.FriendsStreakInviteButton,@7F0A092C,,,,,,,,
res/layout/view_friends_streak_list_item_content.xml,com.duolingo.core.design.juicy.ui.JuicyButton,@7F0A002B,,,,,,,,
res/layout/view_fullscreen_message.xml,com.duolingo.core.design.juicy.ui.JuicyButton,@7F0A0CE3,,,,,,,,
res/layout/view_fullscreen_message.xml,com.duolingo.core.design.juicy.ui.JuicyButton,@7F0A0F38,,,,,,,,
res/layout/view_fullscreen_message.xml,com.duolingo.core.design.juicy.ui.JuicyButton,@7F0A120F,,,,,,,,
res/layout/view_fullscreen_message_landscape.xml,com.duolingo.core.design.juicy.ui.JuicyButton,@7F0A0CE3,,,,,,,,
res/layout/view_fullscreen_message_landscape.xml,com.duolingo.core.design.juicy.ui.JuicyButton,@7F0A0F38,,,,,,,,
res/layout/view_gems_iap_get.xml,com.duolingo.core.design.juicy.ui.JuicyButton,@7F0A07D3,@7F130164,,,,,,,
res/layout/view_gems_iap_package_purchase.xml,com.duolingo.core.design.juicy.ui.JuicyButton,@7F0A07D7,@7F130691,,,,,,,
res/layout/view_gems_iap_package_purchase.xml,com.duolingo.core.design.juicy.ui.JuicyButton,@7F0A07D9,@7F130693,,,,,,,
res/layout/view_gems_iap_package_purchase_landscape.xml,com.duolingo.core.design.juicy.ui.JuicyButton,@7F0A07D7,@7F130691,,,,,,,
res/layout/view_gems_iap_package_purchase_landscape.xml,com.duolingo.core.design.juicy.ui.JuicyButton,@7F0A07D9,@7F130693,,,,,,,
res/layout/view_graded.xml,com.duolingo.core.design.juicy.ui.JuicyButton,@7F0A06AF,@7F130164,,,,,,,
res/layout/view_graded.xml,com.duolingo.core.design.juicy.ui.JuicyButton,@7F0A06AE,@7F130164,,,,,,,
res/layout/view_graded_button_placeholder.xml,com.duolingo.core.design.juicy.ui.JuicyButton,@7F0A06AF,@7F130164,,,,,,,
res/layout/view_hearts_dropdown_turn_off_free_unlimited_hearts_button.xml,com.duolingo.core.design.juicy.ui.JuicyButton,@7F0A1306,@7F13074F,,,,,,,
res/layout/view_immersive_plus.xml,com.duolingo.core.design.juicy.ui.JuicyButton,@7F0A07E8,,,,,,,,
res/layout/view_item_get.xml,com.duolingo.core.design.juicy.ui.JuicyButton,@7F0A0E5E,,,,,,,,
res/layout/view_juicy_challenge_button_stub.xml,com.duolingo.core.design.juicy.ui.JuicyButton,,,,,,,,,
res/layout/view_kana_chart_section_footer.xml,com.duolingo.core.design.juicy.ui.JuicyButton,@7F0A00E3,@7F13074E,,,,,,,
res/layout/view_legacy_hearts_info.xml,com.duolingo.core.design.juicy.ui.JuicyButton,@7F0A0867,,,,,,,,
res/layout/view_legacy_hearts_info.xml,com.duolingo.core.design.juicy.ui.JuicyButton,@7F0A086A,@7F13088F,,,,,,,
res/layout/view_legacy_hearts_info.xml,com.duolingo.core.design.juicy.ui.JuicyButton,@7F0A0866,,,,,,,,
res/layout/view_legacy_hearts_info.xml,com.duolingo.core.design.juicy.ui.JuicyButton,@7F0A0869,@7F13088F,,,,,,,
res/layout/view_legacy_hearts_info.xml,com.duolingo.core.design.juicy.ui.JuicyButton,@7F0A0872,@7F130B81,,,,,,,
res/layout/view_load_more.xml,com.duolingo.core.design.juicy.ui.JuicyButton,@7F0A1242,,,,,,,,
res/layout/view_manage_courses_course.xml,com.duolingo.core.design.juicy.ui.JuicyButton,@7F0A0DEB,@7F130D54,,,,,,,
res/layout/view_mid_lesson_no_hearts_landscape.xml,com.duolingo.core.design.juicy.ui.JuicyButton,@7F0A0877,,,,,,,,
res/layout/view_mid_lesson_no_hearts_vertical.xml,com.duolingo.core.design.juicy.ui.JuicyButton,@7F0A0877,,,,,,,,
res/layout/view_native_ad_view_large.xml,com.duolingo.core.design.juicy.ui.JuicyButton,@7F0A009C,,,,,,,,
res/layout/view_notification_opt_in_banner.xml,com.duolingo.core.design.juicy.ui.JuicyButton,@7F0A0215,@7F1300BA,,,,,,,
res/layout/view_onboarding_buttons.xml,com.duolingo.core.design.juicy.ui.JuicyButton,@7F0A0CE3,@7F130164,,,,,false,,
res/layout/view_onboarding_buttons.xml,com.duolingo.core.design.juicy.ui.JuicyButton,@7F0A0F38,@7F130A9B,,,,,false,,
res/layout/view_path_popup_action.xml,com.duolingo.core.design.juicy.ui.JuicyButton,@7F0A09BB,,,,,,,,
res/layout/view_path_popup_action.xml,com.duolingo.core.design.juicy.ui.JuicyButton,@7F0A091E,,,,,,,,
res/layout/view_path_popup_action.xml,com.duolingo.core.design.juicy.ui.JuicyButton,@7F0A09D8,,,,,,,,
res/layout/view_path_popup_action.xml,com.duolingo.core.design.juicy.ui.JuicyButton,@7F0A0FF7,,,,,,,,
res/layout/view_path_popup_alphabet.xml,com.duolingo.core.design.juicy.ui.JuicyButton,@7F0A00E3,,,,,,,,
res/layout/view_path_popup_alphabet.xml,com.duolingo.core.design.juicy.ui.JuicyButton,@7F0A00E4,@7F1300C8,,,,,,,
res/layout/view_path_section_footer.xml,com.duolingo.core.design.juicy.ui.JuicyButton,@7F0A0CF2,@7F130164,,,,,,,
res/layout/view_path_section_footer.xml,com.duolingo.core.design.juicy.ui.JuicyButton,@7F0A0F44,@7F130C01,,,,,,,
res/layout/view_phone_credential.xml,androidx.appcompat.widget.AppCompatImageButton,@7F0A0368,,,,,,,,
res/layout/view_phone_credential.xml,com.duolingo.core.design.juicy.ui.JuicyButton,@7F0A0070,,,,,,,,
res/layout/view_plus_family_plan_card.xml,com.duolingo.core.design.juicy.ui.JuicyButton,@7F0A0438,,,,,,,,
res/layout/view_plus_reactivation_banner.xml,com.duolingo.core.design.juicy.ui.JuicyButton,@7F0A0DCB,@7F1308A1,,,,,,,
res/layout/view_practice_hub_large_card.xml,com.duolingo.core.design.juicy.ui.JuicyButton,@7F0A1082,,,,,,,,
res/layout/view_premium_offer_newyears.xml,com.duolingo.core.design.juicy.ui.JuicyButton,@7F0A09BC,,,,,,,,
res/layout/view_premium_offer_super_family_plan.xml,com.duolingo.core.design.juicy.ui.JuicyButton,@7F0A0215,,,,,,,,
res/layout/view_profile_add_friends.xml,com.duolingo.core.design.juicy.ui.JuicyButton,@7F0A00B8,@7F130C78,,,,,,,
res/layout/view_profile_complete_banner.xml,com.duolingo.core.design.juicy.ui.JuicyButton,@7F0A07E8,@7F130C79,,,,,,,
res/layout/view_profile_header.xml,com.duolingo.core.design.juicy.ui.JuicyButton,@7F0A0731,,,,,,,,
res/layout/view_profile_header.xml,com.duolingo.core.design.juicy.ui.JuicyButton,@7F0A0730,,,,,,,,
res/layout/view_profile_header.xml,com.duolingo.core.design.juicy.ui.JuicyButton,@7F0A00CE,@7F130D63,,,,,,,
res/layout/view_profile_locked.xml,com.duolingo.core.design.juicy.ui.JuicyButton,@7F0A0D0F,@7F130D7A,,,,,,,
res/layout/view_rating_primer_feedback_input.xml,com.duolingo.core.design.juicy.ui.JuicyButton,@7F0A115F,@7F13005F,,,,,,,
res/layout/view_redesigned_feed_item_feature_card.xml,com.duolingo.core.design.juicy.ui.JuicyButton,@7F0A0215,,,,,,,,
res/layout/view_reward_card.xml,com.duolingo.core.design.juicy.ui.JuicyButton,@7F0A0953,@7F1301F5,,,,,,,
res/layout/view_roleplay_chat_element_choice_narration.xml,com.duolingo.core.design.juicy.ui.JuicyButton,@7F0A070B,,,,,,,,
res/layout/view_roleplay_chat_element_choice_narration.xml,com.duolingo.core.design.juicy.ui.JuicyButton,@7F0A0F31,,,,,,,,
res/layout/view_roleplay_input_ribbon.xml,com.duolingo.core.design.juicy.ui.JuicyButton,@7F0A1004,,,,,,,,
res/layout/view_roleplay_input_ribbon.xml,com.duolingo.core.design.juicy.ui.JuicyButton,@7F0A0991,@7F130164,,,,,,,
res/layout/view_roleplay_practice_hub_topics_header_element.xml,com.duolingo.core.design.juicy.ui.JuicyButton,@7F0A0436,,,,,,,,
res/layout/view_roleplay_session_report_user_message.xml,com.duolingo.core.design.juicy.ui.JuicyButton,@7F0A0EA3,@7F130EB1,,,,,,,
res/layout/view_roleplay_speaking_character.xml,com.duolingo.core.design.juicy.ui.JuicyButton,@7F0A12E6,@7F131158,,,,,,,
res/layout/view_section_vertical_active.xml,com.duolingo.core.design.juicy.ui.JuicyButton,@7F0A0957,@7F130889,,,,,,,
res/layout/view_section_vertical_active.xml,com.duolingo.core.design.juicy.ui.JuicyButton,@7F0A0580,,,,,,,,
res/layout/view_section_vertical_completed.xml,com.duolingo.core.design.juicy.ui.JuicyButton,@7F0A0957,@7F130889,,,,,,,
res/layout/view_section_vertical_completed.xml,com.duolingo.core.design.juicy.ui.JuicyButton,@7F0A0580,,,,,,,,
res/layout/view_section_vertical_locked.xml,com.duolingo.core.design.juicy.ui.JuicyButton,@7F0A0957,@7F130889,,,,,,,
res/layout/view_section_vertical_locked.xml,com.duolingo.core.design.juicy.ui.JuicyButton,@7F0A0580,,,,,,,,
res/layout/view_shop_max_offer.xml,com.duolingo.core.design.juicy.ui.JuicyButton,@7F0A0215,,,,,,,,
res/layout/view_shop_super_offer.xml,com.duolingo.core.design.juicy.ui.JuicyButton,@7F0A0215,,,,,,,,
res/layout/view_shop_super_subscriber_content.xml,com.duolingo.core.design.juicy.ui.JuicyButton,@7F0A0215,,,,,,,,
res/layout/view_shop_super_subscriber_vertical_content.xml,com.duolingo.core.design.juicy.ui.JuicyButton,@7F0A022B,,,,,,,,
res/layout/view_signin_buttons.xml,com.duolingo.core.design.juicy.ui.JuicyButton,@7F0A0C99,,,,,,,,
res/layout/view_signin_buttons.xml,com.duolingo.core.design.juicy.ui.JuicyButton,@7F0A0807,,,,,,,,
res/layout/view_signin_buttons.xml,com.duolingo.core.design.juicy.ui.JuicyButton,@7F0A06A4,,,,,,,,
res/layout/view_signin_buttons.xml,com.duolingo.core.design.juicy.ui.JuicyButton,@7F0A1392,@7F1309F5,,,,,,,
res/layout/view_signin_buttons.xml,com.duolingo.core.design.juicy.ui.JuicyButton,@7F0A0628,@7F130F62,,,,,,,
res/layout/view_streak_toolbar_item.xml,com.duolingo.core.design.juicy.ui.JuicyButton,@7F0A093B,,,,,,,,
res/layout/view_super_dashboard_banner.xml,com.duolingo.core.design.juicy.ui.JuicyButton,@7F0A1189,@7F13004D,,,,,,,
res/layout/view_toolbar_item.xml,com.duolingo.core.design.juicy.ui.JuicyButton,@7F0A093B,,,,,,,,
res/layout/view_welcome_back_rewards_card.xml,com.duolingo.core.design.juicy.ui.JuicyButton,@7F0A0363,@7F1301F5,,,,,true,,
res/layout/view_year_in_review_statistics_card.xml,com.duolingo.core.design.juicy.ui.JuicyButton,@7F0A1401,@7F131376,,,,,,,
res/layout/view_year_in_review_statistics_card.xml,com.duolingo.core.design.juicy.ui.JuicyButton,@7F0A13FE,@7F130EAC,,,,,,,
res/layout/visible_personalization_session_start_screen.xml,com.duolingo.core.design.juicy.ui.JuicyButton,@7F0A03F1,@7F130FDE,,,,,,,
res/layout/zs_activity_help_center.xml,com.google.android.material.floatingactionbutton.FloatingActionButton,@7F0A03DE,,,,,,,,
res/layout/zs_activity_request_list.xml,com.google.android.material.floatingactionbutton.FloatingActionButton,@7F0A0E2A,,,,,,,,
res/layout/zs_activity_request_list_scene_empty.xml,Button,@7F0A0E2C,@7F130D8D,,,,,,,
res/layout/zs_activity_view_article.xml,com.google.android.material.floatingactionbutton.FloatingActionButton,@7F0A03DE,,,,,,,,
res/layout/zs_view_article_voting.xml,ImageButton,@7F0A05C0,,,,@7F1314DD,,,,
res/layout/zs_view_article_voting.xml,ImageButton,@7F0A1333,,,,@7F1314DF,,,,
res/layout/zs_view_request_conversations_disabled.xml,com.google.android.material.textfield.TextInputEditText,@7F0A0E3F,,@7F130D9C,0x00002061,,,,,
res/layout/zs_view_request_conversations_disabled.xml,com.google.android.material.textfield.TextInputEditText,@7F0A0E25,,@7F130D88,0x00000021,,,,,
res/layout/zs_view_request_conversations_disabled.xml,com.google.android.material.textfield.TextInputEditText,@7F0A0E3D,,@7F130D98,0x00024001,,,,,
res/layout/zs_view_request_message_composer.xml,EditText,@7F0A0AEA,,@7F130DA2,0x00024001,,,,,
res/layout/zui_banner_lost_connection.xml,com.google.android.material.button.MaterialButton,@7F0A1441,@7F131506,,,,,,,
res/layout/zui_messaging_dialog.xml,com.google.android.material.textfield.TextInputEditText,@7F0A1433,,,,,,,,
res/layout/zui_messaging_dialog.xml,Button,@7F0A1436,,,,,,,,
res/layout/zui_messaging_dialog.xml,Button,@7F0A1437,,,,,,,,
res/layout/zui_view_input_box.xml,EditText,@7F0A090D,,@7F1314F3,0x00024001,,,,,
res/layout-h650dp-v13/view_signin_buttons.xml,com.duolingo.core.design.juicy.ui.JuicyButton,@7F0A1392,@7F1309F5,,,,,,,
res/layout-h650dp-v13/view_signin_buttons.xml,com.duolingo.core.design.juicy.ui.JuicyButton,@7F0A0628,@7F130F62,,,,,,,
res/layout-h650dp-v13/view_signin_buttons.xml,com.duolingo.core.design.juicy.ui.JuicyButton,@7F0A0C99,@7F130F66,,,,,,,
res/layout-h650dp-v13/view_signin_buttons.xml,com.duolingo.core.design.juicy.ui.JuicyButton,@7F0A0807,@7F130F64,,,,,,,
res/layout-h650dp-v13/view_signin_buttons.xml,com.duolingo.core.design.juicy.ui.JuicyButton,@7F0A06A4,@7F130F63,,,,,,,
res/layout-land/material_clock_period_toggle_land.xml,Button,@7F0A0A8F,@7F130A7F,,,,,,,
res/layout-land/material_clock_period_toggle_land.xml,Button,@7F0A0A90,@7F130A83,,,,,,,
res/layout-sw600dp-v13/bottom_sheet_add_phone_number.xml,com.duolingo.core.design.juicy.ui.JuicyButton,@7F0A0CE3,@7F130082,,,,,,,
res/layout-sw600dp-v13/bottom_sheet_add_phone_number.xml,com.duolingo.core.design.juicy.ui.JuicyButton,@7F0A0F38,@7F130B8C,,,,,,,
res/layout-watch-v20/abc_alert_dialog_button_bar_material.xml,Button,@android:0102001B,,,,,,,,
res/layout-watch-v20/abc_alert_dialog_button_bar_material.xml,Button,@android:0102001A,,,,,,,,
res/layout-watch-v20/abc_alert_dialog_button_bar_material.xml,Button,@android:01020019,,,,,,,,
